rank,gutenberg,title,author,downloads_30d,pick_score,locc,shelves,pg_issued,language,source,coffees,slug
1,1342,Pride and Prejudice,Jane Austen,180357,9,PR,Best Books Ever Listings; Harvard Classics; Category: Romance; Category: Novels; Category: Classics of Literature; Category: British Literature,1998-06-01,en,hand-picked,1,b01
2,2701,Moby-Dick,Herman Melville,163497,11,PS,Best Books Ever Listings; Category: Adventure; Category: Novels; Category: Classics of Literature; Category: American Literature,2001-07-01,en,hand-picked,1,b04
3,2554,Crime and Punishment,Fyodor Dostoevsky,118512,11,PG,"Best Books Ever Listings; Crime Fiction; Harvard Classics; Category: Crime, Thrillers and Mystery; Category: Novels; Category: Classics of Literature; Category: Russian Literature",2006-03-28,en,hand-picked,2,b31
4,1661,The Adventures of Sherlock Holmes,Arthur Conan Doyle,107734,11,PR,"Detective Fiction; Contemporary Reviews; Banned Books from Anne Haight's list; Category: Short Stories; Category: Crime, Thrillers and Mystery; Category: British Literature",1999-03-01,en,hand-picked,1,b29
5,11,Alice's Adventures in Wonderland,Lewis Carroll,104420,9,PR; PZ,Children's Literature; Category: Children & Young Adult Reading; Category: Novels; Category: Classics of Literature; Category: British Literature,2008-06-27,en,hand-picked,1,b06
6,84,Frankenstein,Mary Shelley,99964,11,PR,Precursors of Science Fiction; Gothic Fiction; Movie Books; Science Fiction by Women; Category: Science-Fiction & Fantasy; Category: Novels; Category: Classics of Literature; Category: British Literature,1993-10-01,en,hand-picked,1,b02
7,1513,Romeo and Juliet,William Shakespeare,95206,9,PR,Category: Romance; Category: Plays/Films/Dramas; Category: Classics of Literature; Category: British Literature,1998-11-01,en,hand-picked,1,b45
8,345,Dracula,Bram Stoker,92827,11,PR,"Horror; Gothic Fiction; Mystery Fiction; Movie Books; Category: Science-Fiction & Fantasy; Category: Crime, Thrillers and Mystery; Category: Novels; Category: Classics of Literature; Category: British Literature",1995-10-01,en,hand-picked,1,b03
9,43,Strange Case of Dr Jekyll and Mr Hyde,Robert Louis Stevenson,90059,11,PR,"Precursors of Science Fiction; Horror; Movie Books; Category: Crime, Thrillers and Mystery; Category: Novels; Category: Classics of Literature; Category: British Literature",2008-06-27,en,hand-picked,1,b15
10,3268,The Mysteries of Udolpho,Ann Ward Radcliffe,84458,11,PR,"Italy; Gothic Fiction; Category: Romance; Category: Crime, Thrillers and Mystery; Category: Novels; Category: Classics of Literature; Category: British Literature",2002-06-01,en,auto-scored,1,g3268
11,2465,Carmen,Prosper Mérimée,77289,11,PQ,"Opera; Category: Romance; Category: Crime, Thrillers and Mystery; Category: Novels; Category: French Literature",2006-03-28,en,auto-scored,1,g2465
12,1260,Jane Eyre,Charlotte Brontë,71908,9,PR,Category: Romance; Category: Novels; Category: Classics of Literature; Category: British Literature,1998-03-01,en,hand-picked,1,b07
13,244,A Study in Scarlet,Arthur Conan Doyle,62582,11,PR,"Detective Fiction; Category: Crime, Thrillers and Mystery; Category: Novels; Category: British Literature",1995-04-01,en,hand-picked,2,b28
14,564,The Mystery of Edwin Drood,Charles Dickens,61536,11,PR,"Mystery Fiction; Category: Crime, Thrillers and Mystery; Category: Novels; Category: Classics of Literature; Category: British Literature",1996-06-01,en,auto-scored,1,g564
15,42,The strange case of Dr. Jekyll and Mr. Hyde,Robert Louis Stevenson,61145,11,PR,"Precursors of Science Fiction; Horror; Gothic Fiction; Movie Books; Category: Crime, Thrillers and Mystery; Category: Novels; Category: Classics of Literature; Category: British Literature",1992-10-01,en,auto-scored,1,g42
16,2852,The Hound of the Baskervilles,Arthur Conan Doyle,60959,17,PR,"Detective Fiction; Bestsellers, American, 1895-1923; Category: Crime, Thrillers and Mystery; Category: Novels; Category: Classics of Literature; Category: British Literature",2001-10-01,en,hand-picked,1,b30
17,1695,The Man Who Was Thursday: A Nightmare,G. K. Chesterton,59096,11,PR,"Best Books Ever Listings; Category: Crime, Thrillers and Mystery; Category: Adventure; Category: Novels; Category: British Literature; Category: Philosophy & Ethics",1999-04-01,en,auto-scored,1,g1695
18,6133,"The Extraordinary Adventures of Arsène Lupin, Gentleman-Burglar",Maurice Leblanc,56071,11,PQ,"Crime Fiction; Category: Crime, Thrillers and Mystery; Category: Adventure; Category: Novels; Category: French Literature",2004-07-01,en,auto-scored,1,g6133
19,209,The Turn of the Screw,Henry James,54814,11,PS,"Opera; Best Books Ever Listings; Horror; Gothic Fiction; Category: Crime, Thrillers and Mystery; Category: Novels; Category: British Literature",1995-02-01,en,auto-scored,1,g209
20,601,The Monk: A Romance,M. G. Lewis,54719,11,PR,Best Books Ever Listings; Gothic Fiction; Category: Romance; Category: Novels; Category: Classics of Literature; Category: British Literature,1996-07-01,en,auto-scored,1,g601
21,204,The innocence of Father Brown,G. K. Chesterton,53344,11,PR,"Detective Fiction; Category: Short Stories; Category: Crime, Thrillers and Mystery; Category: British Literature",2008-07-09,en,auto-scored,1,g204
22,831,Four Arthurian Romances,Chrétien de Troyes,53258,11,PQ,"Fantasy; Arthurian Legends; Category: Historical Novels; Category: Romance; Category: Adventure; Category: Mythology, Legends & Folklore; Category: Classics of Literature; Category: French Literature",1997-02-01,en,auto-scored,1,g831
23,1184,The Count of Monte Cristo,Alexandre Dumas,53209,11,PQ,Adventure; Movie Books; Category: Adventure; Category: Novels; Category: Classics of Literature; Category: French Literature,1998-01-01,en,hand-picked,2,b33
24,863,The Mysterious Affair at Styles,Agatha Christie,53161,11,PR,"Detective Fiction; Category: Crime, Thrillers and Mystery; Category: Novels; Category: British Literature",1997-03-01,en,auto-scored,1,g863
25,175,The Phantom of the Opera,Gaston Leroux,53126,11,PQ,"Opera; Gothic Fiction; Movie Books; Category: Crime, Thrillers and Mystery; Category: Novels; Category: French Literature",1994-10-01,en,auto-scored,1,g175
26,2097,The Sign of the Four,Arthur Conan Doyle,52332,11,PR,"Detective Fiction; Category: Crime, Thrillers and Mystery; Category: Novels; Category: British Literature",2000-03-01,en,auto-scored,1,g2097
27,108,The Return of Sherlock Holmes,Arthur Conan Doyle,52211,11,PR,"Detective Fiction; Category: Short Stories; Category: Crime, Thrillers and Mystery; Category: British Literature",2006-03-08,en,auto-scored,1,g108
28,583,The Woman in White,Wilkie Collins,51733,11,PR,"Mystery Fiction; Category: Crime, Thrillers and Mystery; Category: Novels; Category: British Literature",1996-07-01,en,auto-scored,1,g583
29,834,The Memoirs of Sherlock Holmes,Arthur Conan Doyle,51694,11,PR,"Detective Fiction; Category: Short Stories; Category: Crime, Thrillers and Mystery; Category: British Literature",1997-03-01,en,auto-scored,1,g834
30,155,The Moonstone,Wilkie Collins,50961,11,PR,"Detective Fiction; Mystery Fiction; Category: Crime, Thrillers and Mystery; Category: Novels; Category: British Literature",2006-01-12,en,auto-scored,1,g155
31,223,The wisdom of Father Brown,G. K. Chesterton,50651,11,PR,"Detective Fiction; Category: Short Stories; Category: Crime, Thrillers and Mystery; Category: British Literature",1995-02-01,en,auto-scored,1,g223
32,1063,The Cask of Amontillado,Edgar Allan Poe,49903,11,PS,"Category: Short Stories; Category: Crime, Thrillers and Mystery; Category: American Literature",2010-06-06,en,auto-scored,1,g1063
33,393,The Blue Lagoon: A Romance,H. De Vere Stacpoole,49758,11,PR,Category: Romance; Category: Adventure; Category: Novels; Category: British Literature,1996-01-01,en,auto-scored,1,g393
34,1155,The Secret Adversary,Agatha Christie,48788,11,PR,"Detective Fiction; Category: Crime, Thrillers and Mystery; Category: Adventure; Category: Novels; Category: British Literature",1998-01-01,en,auto-scored,1,g1155
35,64317,The Great Gatsby,F. Scott Fitzgerald,48709,9,PS,Category: Novels; Category: Classics of Literature; Category: American Literature,2021-01-17,en,hand-picked,1,b05
36,589,Catriona,Robert Louis Stevenson,48695,11,PR,Adventure; Historical Fiction; Category: Historical Novels; Category: Romance; Category: Adventure; Category: Novels; Category: British Literature,1996-07-01,en,auto-scored,1,g589
37,3289,The Valley of Fear,Arthur Conan Doyle,47643,11,PR,"Detective Fiction; Category: Crime, Thrillers and Mystery; Category: Novels; Category: British Literature",2002-06-01,en,auto-scored,1,g3289
38,560,Mr. Standfast,John Buchan,47388,11,PR,"World War I; Adventure; Movie Books; Contemporary Reviews; Category: Historical Novels; Category: Crime, Thrillers and Mystery; Category: Adventure; Category: Novels; Category: British Literature",1996-06-01,en,auto-scored,1,g560
39,1259,Twenty years after,Alexandre Dumas,47260,11,PQ,Adventure; Historical Fiction; Movie Books; Category: Historical Novels; Category: Adventure; Category: Novels; Category: French Literature,1998-03-01,en,auto-scored,1,g1259
40,558,The Thirty-Nine Steps,John Buchan,47133,11,PR,"Adventure; Mystery Fiction; Movie Books; Category: Crime, Thrillers and Mystery; Category: Adventure; Category: Novels; Category: British Literature",1996-06-01,en,auto-scored,1,g558
41,2350,His last bow,Arthur Conan Doyle,47063,11,PR,"Detective Fiction; Category: Short Stories; Category: Crime, Thrillers and Mystery; Category: British Literature",2000-10-01,en,auto-scored,1,g2350
42,974,The Secret Agent: A Simple Tale,Joseph Conrad,46929,11,PR,"Mystery Fiction; Category: Crime, Thrillers and Mystery; Category: Novels; Category: British Literature",1997-07-01,en,auto-scored,1,g974
43,2360,The Riddle of the Sands,Erskine Childers,46829,11,PR,"Category: Crime, Thrillers and Mystery; Category: Adventure; Category: Novels; Category: British Literature",2000-10-01,en,auto-scored,1,g2360
44,389,The Great God Pan,Arthur Machen,46720,11,PR,"Horror; Category: Crime, Thrillers and Mystery; Category: Novels; Category: British Literature",1996-01-01,en,auto-scored,1,g389
45,2038,The Lock and Key Library: Classic Mystery and Detective Stories: Modern English,Various,46309,11,PR,"Short Stories; Category: Short Stories; Category: Crime, Thrillers and Mystery; Category: British Literature; Nobel Prizes in Literature",2005-06-04,en,auto-scored,1,g2038
46,537,Tales of Terror and Mystery,Arthur Conan Doyle,46136,11,PR,"Category: Short Stories; Category: Crime, Thrillers and Mystery; Category: British Literature",1996-05-01,en,auto-scored,1,g537
47,16389,The Enchanted April,Elizabeth Von Arnim,45914,15,PR,"Bestsellers, American, 1895-1923; Category: Novels; Category: British Literature",2005-07-29,en,auto-scored,1,g16389
48,1685,The Mystery of the Yellow Room,Gaston Leroux,45788,11,PQ,"Detective Fiction; Category: Crime, Thrillers and Mystery; Category: Novels; Category: French Literature",1999-03-01,en,auto-scored,1,g1685
49,7735,Paul Clifford — Complete,Baron Edward Bulwer Lytton Lytton,45597,11,PR,"Category: Crime, Thrillers and Mystery; Category: Novels; Category: British Literature",2004-11-26,en,auto-scored,1,g7735
50,15384,The Real Adventure,Henry Kitchell Webster,45503,15,PS,"Bestsellers, American, 1895-1923; Category: Romance; Category: Novels; Category: American Literature",2005-03-16,en,auto-scored,1,g15384
51,1872,The Red House Mystery,A. A. Milne,45473,11,PR,"Detective Fiction; Category: Crime, Thrillers and Mystery; Category: Novels; Category: British Literature",1999-08-01,en,auto-scored,1,g1872
52,173,The Insidious Dr. Fu Manchu,Sax Rohmer,45339,11,PR,"Crime Fiction; Category: Crime, Thrillers and Mystery; Category: Novels; Category: British Literature",1994-10-01,en,auto-scored,1,g173
53,14818,The Daughter of Anderson Crow,George Barr McCutcheon,44990,17,PS,"Bestsellers, American, 1895-1923; Category: Crime, Thrillers and Mystery; Category: Humour; Category: Novels; Category: American Literature",2005-01-27,en,auto-scored,1,g14818
54,1686,The Secret of the Night,Gaston Leroux,44948,11,PQ,"Detective Fiction; Category: Crime, Thrillers and Mystery; Category: Novels",1999-03-01,en,auto-scored,1,g1686
55,2806,"The Phantom 'Rickshaw, and Other Ghost Stories",Rudyard Kipling,44833,11,PR,"Category: Short Stories; Category: Crime, Thrillers and Mystery; Category: British Literature; Nobel Prizes in Literature",2001-09-01,en,auto-scored,1,g2806
56,3321,Children of the Whirlwind,Leroy Scott,44677,11,PS,"Category: Crime, Thrillers and Mystery; Category: Novels; Category: American Literature",2002-07-01,en,auto-scored,1,g3321
57,1931,The Zeppelin's Passenger,E. Phillips Oppenheim,44607,11,PR,"Category: Crime, Thrillers and Mystery; Category: Novels; Category: British Literature",1999-10-01,en,auto-scored,1,g1931
58,2813,The Grand Babylon Hôtel,Arnold Bennett,44318,11,PR,"Category: Crime, Thrillers and Mystery; Category: Novels; Category: British Literature",2001-09-01,en,auto-scored,1,g2813
59,174,The Picture of Dorian Gray,Oscar Wilde,43384,11,PR,Gothic Fiction; Movie Books; Category: Novels; Category: Classics of Literature; Category: British Literature,1994-10-01,en,hand-picked,1,b11
60,768,Wuthering Heights,Emily Brontë,41958,11,PR,Best Books Ever Listings; Gothic Fiction; Movie Books; Category: Novels; Category: Classics of Literature; Category: British Literature,1996-12-01,en,hand-picked,1,b08
61,98,A Tale of Two Cities,Charles Dickens,40992,9,PR,Historical Fiction; Category: Historical Novels; Category: Classics of Literature; Category: British Literature,1994-01-01,en,hand-picked,1,b09
62,5200,The Metamorphosis,Franz Kafka,38512,9,PT,Horror; Category: Novels; Category: Classics of Literature; Category: German Literature,2005-08-17,en,hand-picked,1,b27
63,4499,Complete Short Works of George Meredith,George Meredith,36006,11,PR,Category: Short Stories; Category: Romance; Category: Adventure; Category: British Literature,2004-11-05,en,auto-scored,1,g4499
64,4712,The Landloper: The Romance of a Man on Foot,Holman Day,35060,11,PS,Category: Romance; Category: Adventure; Category: Novels; Category: American Literature,2006-04-13,en,auto-scored,1,g4712
65,161,Sense and Sensibility,Jane Austen,34708,9,PR,Category: Romance; Category: Novels; Category: Classics of Literature; Category: British Literature,1994-09-01,en,hand-picked,2,b49
66,74,The Adventures of Tom Sawyer,Mark Twain,33203,11,PS,Banned Books from Anne Haight's list; Banned Books List from the American Library Association; Category: Adventure; Category: Novels; Category: Classics of Literature; Category: American Literature,2004-07-01,en,hand-picked,1,b13
67,55,The Wonderful Wizard of Oz,L. Frank Baum,33071,11,PZ,Children's Literature; Fantasy; Category: Children & Young Adult Reading; Category: Science-Fiction & Fantasy; Category: Adventure; Category: American Literature,1993-02-01,en,hand-picked,1,b21
68,113,The Secret Garden,Frances Hodgson Burnett,32404,9,PZ,Children's Literature; Category: Children & Young Adult Reading; Category: Novels; Category: Classics of Literature; Category: British Literature,1994-03-01,en,hand-picked,1,b23
69,103,Around the World in Eighty Days,Jules Verne,31322,11,PQ,Adventure; Best Books Ever Listings; Movie Books; Category: Adventure; Category: Novels; Category: Classics of Literature; Category: French Literature,1994-01-01,en,hand-picked,1,b35
70,76,Adventures of Huckleberry Finn,Mark Twain,31276,11,PS,Best Books Ever Listings; Banned Books from Anne Haight's list; Banned Books List from the American Library Association; Category: Adventure; Category: Novels; Category: Classics of Literature; Category: American Literature,2004-06-29,en,hand-picked,1,b12
71,3011,The Lady of the Lake,Walter Scott,30768,11,PR,Category: Historical Novels; Category: Poetry; Category: Romance; Category: Adventure; Category: British Literature,2002-01-01,en,auto-scored,1,g3011
72,1952,The Yellow Wallpaper,Charlotte Perkins Gilman,29497,11,PS,Gothic Fiction; Category: Short Stories; Category: American Literature,1999-11-01,en,auto-scored,1,g1952
73,72,"Thuvia, maid of Mars",Edgar Rice Burroughs,28811,11,PS,Science Fiction; Category: Science-Fiction & Fantasy; Category: Romance; Category: Adventure; Category: American Literature,1993-07-01,en,auto-scored,1,g72
74,45,Anne of Green Gables,Lucy Maud Montgomery,27049,9,PZ,Canada; Children's Literature; Category: Children & Young Adult Reading; Category: Novels; Category: Classics of Literature,2008-06-27,en,hand-picked,1,b22
75,7326,The Yeoman Adventurer,George W. Gough,27016,11,PR,Category: Historical Novels; Category: Romance; Category: Adventure; Category: British Literature,2005-01-01,en,auto-scored,1,g7326
76,1400,Great Expectations,Charles Dickens,26966,9,PR,Best Books Ever Listings; Category: Novels; Category: Classics of Literature; Category: British Literature,1998-07-01,en,hand-picked,1,b10
77,120,Treasure Island,Robert Louis Stevenson,26070,11,PR; PZ,"Children's Literature; Historical Fiction; Best Books Ever Listings; Pirates, Buccaneers, Corsairs, etc.; Category: Adventure; Category: Novels; Category: Classics of Literature; Category: British Literature",2006-02-26,en,hand-picked,1,b16
78,844,The Importance of Being Earnest,Oscar Wilde,25392,9,PR,Plays; Category: Plays/Films/Dramas; Category: British Literature,1997-03-01,en,hand-picked,2,b47
79,205,Walden,Henry David Thoreau,24578,9,PS,"Category: Essays, Letters & Speeches; Category: American Literature; Category: Philosophy & Ethics",1995-01-01,en,hand-picked,2,b26
80,23784,The History of Sir Richard Calmady: A Romance,Lucas Malet,24311,15,PR,"Bestsellers, American, 1895-1923; Category: Romance; Category: Novels; Category: British Literature",2007-12-09,en,auto-scored,1,g23784
81,16,Peter Pan,J. M. Barrie,23507,11,PR; PZ,Children's Literature; Movie Books; Category: Children & Young Adult Reading; Category: Adventure; Category: Novels; Category: Classics of Literature; Category: British Literature,2008-06-25,en,hand-picked,1,b24
82,121,Northanger Abbey,Jane Austen,23143,11,PR,Gothic Fiction; Category: Novels; Category: Classics of Literature; Category: British Literature,1994-04-01,en,auto-scored,1,g121
83,46,A Christmas Carol,Charles Dickens,21933,9,PR,Children's Literature; Christmas; Category: Novels; Category: Classics of Literature; Category: British Literature,2004-08-11,en,hand-picked,1,b14
84,73,The Red Badge of Courage: An Episode of the American Civil War,Stephen Crane,20712,15,PS,"US Civil War; Historical Fiction; Best Books Ever Listings; Bestsellers, American, 1895-1923; Category: Novels; Category: Classics of Literature; Category: American Literature; Category: History - American; Category: History - Warfare",1993-07-01,en,auto-scored,1,g73
85,696,The Castle of Otranto,Horace Walpole,20422,11,PR,Gothic Fiction; Category: Novels; Category: Classics of Literature; Category: British Literature,1996-10-01,en,auto-scored,1,g696
86,35,The Time Machine,H. G. Wells,19811,9,PR,Science Fiction; Movie Books; Category: Science-Fiction & Fantasy; Category: Novels; Category: British Literature,2004-10-02,en,hand-picked,1,b18
87,1399,Anna Karenina,Leo Tolstoy,19677,9,PG,Best Books Ever Listings; Harvard Classics; Movie Books; Category: Novels; Category: Classics of Literature; Category: Russian Literature,1998-07-01,en,hand-picked,1,b32
88,135,Les Misérables,Victor Hugo,19395,9,PQ,Historical Fiction; Banned Books from Anne Haight's list; Category: Historical Novels; Category: Novels; Category: Classics of Literature; Category: French Literature,2008-06-22,en,hand-picked,1,b34
89,2040,Confessions of an English Opium-Eater,Thomas De Quincey,19258,11,PR,Gothic Fiction; Category: Biographies; Category: British Literature; Category: Drugs/Alcohol/Pharmacology,2000-01-01,en,auto-scored,1,g2040
90,215,The Call of the Wild,Jack London,18718,11,PS,Animals-Domestic; Adventure; Best Books Ever Listings; Movie Books; Banned Books from Anne Haight's list; Banned Books List from the American Library Association; Category: Adventure; Category: Novels; Category: Classics of Literature; Category: American Literature,2008-07-02,en,hand-picked,1,b20
91,158,Emma,Jane Austen,18556,9,PR,Category: Novels; Category: British Literature,1994-08-01,en,hand-picked,2,b48
92,2489,"Moby Dick; Or, The Whale",Herman Melville,17477,11,PS,Best Books Ever Listings; Category: Adventure; Category: Novels; Category: Classics of Literature; Category: American Literature,2001-01-01,en,auto-scored,1,g2489
93,514,Little Women,Louisa May Alcott,17140,9,PS,Children's Literature; Category: Novels; Category: Classics of Literature; Category: American Literature,1996-05-01,en,hand-picked,1,b38
94,3526,Five Weeks in a Balloon,Jules Verne,17036,11,PQ,Adventure; Movie Books; Category: Science-Fiction & Fantasy; Category: Adventure; Category: Novels; Category: Classics of Literature; Category: French Literature,2002-11-01,en,auto-scored,1,g3526
95,219,Heart of Darkness,Joseph Conrad,16334,9,PR,Best Books Ever Listings; Movie Books; Category: Novels; Category: Classics of Literature; Category: British Literature,2006-01-09,en,hand-picked,2,b19
96,829,Gulliver's Travels,Jonathan Swift,15893,11,PR,Best Books Ever Listings; Banned Books from Anne Haight's list; Category: Science-Fiction & Fantasy; Category: Adventure; Category: Novels; Category: Classics of Literature; Category: British Literature,1997-02-01,en,hand-picked,2,b41
97,236,The Jungle Book,Rudyard Kipling,15872,11,PR,Scouts; Children's Literature; Movie Books; Contemporary Reviews; Category: Short Stories; Category: Children & Young Adult Reading; Category: Adventure; Category: British Literature; Nobel Prizes in Literature,2006-01-16,en,hand-picked,2,b40
98,164,Twenty Thousand Leagues under the Seas,Jules Verne,15599,11,PQ,Science Fiction; Category: Science-Fiction & Fantasy; Category: Adventure; Category: Classics of Literature; Category: French Literature,1994-09-01,en,hand-picked,2,b36
99,996,Don Quixote,Miguel de Cervantes,15451,9,PQ,Best Books Ever Listings; Harvard Classics; Category: Novels; Category: Classics of Literature,2004-07-27,en,hand-picked,2,b43
100,521,Robinson Crusoe,Daniel Defoe,14621,11,PR,Category: Adventure; Category: Novels; Category: Classics of Literature; Category: British Literature,1996-05-01,en,hand-picked,2,b42
101,36,The War of the Worlds,H. G. Wells,14318,9,PR,Science Fiction; Movie Books; Category: Science-Fiction & Fantasy; Category: Novels; Category: Classics of Literature; Category: British Literature,2004-10-01,en,hand-picked,1,b17
102,1257,The three musketeers,Alexandre Dumas,14239,11,PQ,Adventure; Historical Fiction; Best Books Ever Listings; Movie Books; Category: Adventure; Category: Novels; Category: Classics of Literature; Category: French Literature,1998-03-01,en,auto-scored,1,g1257
103,12,Through the Looking-Glass,Lewis Carroll,13061,9,PR; PZ,Children's Literature; Best Books Ever Listings; Category: Children & Young Adult Reading; Category: Novels; Category: British Literature,2008-06-25,en,hand-picked,2,b37
104,910,White Fang,Jack London,12571,11,PS,Adventure; Movie Books; Category: Adventure; Category: Novels; Category: American Literature,1997-05-01,en,auto-scored,1,g910
105,105,Persuasion,Jane Austen,11688,9,PR,Category: Novels; Category: British Literature,1994-02-01,en,hand-picked,2,b50
106,62,A princess of Mars,Edgar Rice Burroughs,11471,11,PS,Science Fiction; Best Books Ever Listings; Category: Science-Fiction & Fantasy; Category: Adventure,1993-04-01,en,auto-scored,1,g62
107,1874,The Railway Children,E. Nesbit,10995,11,PR; PZ,Children's Literature; Children's Fiction; Category: Children & Young Adult Reading; Category: Adventure; Category: British Literature,1999-08-01,en,auto-scored,1,g1874
108,2488,Twenty Thousand Leagues Under the Seas: An Underwater Tour of the World,Jules Verne,10106,11,PQ,Science Fiction; Movie Books; Category: Science-Fiction & Fantasy; Category: Adventure; Category: Classics of Literature; Category: French Literature,2001-01-01,en,auto-scored,1,g2488
109,421,Kidnapped,Robert Louis Stevenson,9755,11,PR,Children's Literature; Adventure; Historical Fiction; Best Books Ever Listings; Movie Books; Category: Historical Novels; Category: Adventure; Category: Novels; Category: British Literature,2006-01-16,en,auto-scored,1,g421
110,1268,The Mysterious Island,Jules Verne,9741,11,PQ,Science Fiction; Category: Science-Fiction & Fantasy; Category: Adventure; Category: Novels; Category: French Literature,1998-04-01,en,auto-scored,1,g1268
111,940,The Last of the Mohicans; A narrative of 1757,James Fenimore Cooper,9647,11,PS,Historical Fiction; Category: Historical Novels; Category: Adventure; Category: American Literature,2006-02-05,en,auto-scored,1,g940
112,139,The Lost World,Arthur Conan Doyle,9539,11,PR,Science Fiction; Category: Science-Fiction & Fantasy; Category: Adventure; Category: Novels; Category: British Literature,1994-06-01,en,auto-scored,1,g139
113,289,The Wind in the Willows,Kenneth Grahame,9111,9,PR; PZ,Children's Literature; Best Books Ever Listings; Category: Children & Young Adult Reading; Category: Novels; Category: British Literature,1995-07-01,en,hand-picked,2,b39
114,140,The Jungle,Upton Sinclair,8892,15,PS,"Contemporary Reviews; Bestsellers, American, 1895-1923; Banned Books from Anne Haight's list; Banned Books List from the American Library Association; Category: Novels; Category: American Literature",2006-03-11,en,auto-scored,1,g140
115,1524,Hamlet,William Shakespeare,8382,9,PR,Plays; Best Books Ever Listings; Category: Plays/Films/Dramas; Category: Classics of Literature; Category: British Literature,1998-11-01,en,hand-picked,1,b44
116,64,The gods of Mars,Edgar Rice Burroughs,7938,11,PS,Science Fiction; Category: Science-Fiction & Fantasy; Category: Adventure; Category: Novels; Category: American Literature,1993-05-01,en,auto-scored,1,g64
117,1533,Macbeth,William Shakespeare,7903,9,PR,Opera; Category: Plays/Films/Dramas; Category: Classics of Literature; Category: British Literature,1998-11-01,en,hand-picked,1,b46
118,68,The warlord of Mars,Edgar Rice Burroughs,7441,11,PS,Science Fiction; Category: Science-Fiction & Fantasy; Category: Adventure,1993-06-01,en,auto-scored,1,g68
119,1153,The Chessmen of Mars,Edgar Rice Burroughs,6917,11,PS,Science Fiction; Category: Science-Fiction & Fantasy; Category: Adventure; Category: Novels; Category: American Literature,1998-01-01,en,auto-scored,1,g1153
120,551,The Land That Time Forgot,Edgar Rice Burroughs,6693,11,PS,Science Fiction; Category: Science-Fiction & Fantasy; Category: Adventure; Category: Novels; Category: American Literature,1996-06-01,en,auto-scored,1,g551
121,3748,A Journey into the Interior of the Earth,Jules Verne,6422,11,PQ,Science Fiction; Best Books Ever Listings; Category: Science-Fiction & Fantasy; Category: Adventure; Category: Novels; Category: French Literature,2003-02-01,en,auto-scored,1,g3748
122,149,The Lost Continent,Edgar Rice Burroughs,6308,11,PS,Science Fiction; Category: Science-Fiction & Fantasy; Category: Adventure; Category: Novels; Category: American Literature,1994-07-01,en,auto-scored,1,g149
123,1353,Off on a Comet! a Journey through Planetary Space,Jules Verne,5864,11,PQ,Science Fiction; Category: Science-Fiction & Fantasy; Category: Adventure; Category: Novels,1998-06-01,en,auto-scored,1,g1353
124,553,Out of Time's Abyss,Edgar Rice Burroughs,5736,11,PS,Science Fiction; Category: Science-Fiction & Fantasy; Category: Adventure,1996-06-01,en,auto-scored,1,g553
125,6087,The Vampyre; a Tale,John William Polidori,5666,11,PR,Horror; Gothic Fiction; Category: Science-Fiction & Fantasy; Category: Novels; Category: British Literature,2004-07-01,en,auto-scored,1,g6087
126,541,The Age of Innocence,Edith Wharton,5356,15,PS,"Movie Books; Bestsellers, American, 1895-1923; Category: Novels; Category: American Literature",1996-05-01,en,auto-scored,1,g541
127,60,The Scarlet Pimpernel,Baroness Emmuska Orczy Orczy,5053,11,PR,Adventure; Best Books Ever Listings; Movie Books; Category: Historical Novels; Category: Adventure; Category: British Literature,2006-03-08,en,auto-scored,1,g60
128,1728,The Odyssey of Homer,Homer,4767,11,PA,"Classical Antiquity; Harvard Classics; Category: Adventure; Category: Mythology, Legends & Folklore; Category: Classics of Literature; Category: History - Ancient",1999-04-01,en,auto-scored,1,g1728
129,503,The Blue Fairy Book,Andrew Lang,4731,11,PZ,"Children's Literature; Category: Children & Young Adult Reading; Category: Adventure; Category: Mythology, Legends & Folklore",2005-10-21,en,auto-scored,1,g503
130,2853,Quo Vadis: A Narrative of the Time of Nero,Henryk Sienkiewicz,4567,15,PG,"Historical Fiction; Movie Books; Bestsellers, American, 1895-1923; Category: Historical Novels; Category: Novels; Nobel Prizes in Literature",2001-10-01,en,auto-scored,1,g2853
131,512,Mosses from an old manse,Nathaniel Hawthorne,4530,11,PS,"Gothic Fiction; Category: Essays, Letters & Speeches; Category: American Literature",1996-04-01,en,auto-scored,1,g512
132,33,The Scarlet Letter,Nathaniel Hawthorne,4480,9,PS,Harvard Classics; Movie Books; Category: Novels; Category: Classics of Literature; Category: American Literature,1992-06-01,en,hand-picked,1,b25
133,284,The House of Mirth,Edith Wharton,4060,15,PS,"Bestsellers, American, 1895-1923; Category: Novels; Category: American Literature",1995-06-01,en,auto-scored,1,g284
134,1450,Pollyanna,Eleanor H. Porter,3895,15,PZ; PS,"Bestsellers, American, 1895-1923; Category: Children & Young Adult Reading; Category: Novels; Category: American Literature",1998-09-01,en,auto-scored,1,g1450
135,15,"Moby-Dick; or, The Whale",Herman Melville,3872,11,PS,Adventure; Best Books Ever Listings; Category: Adventure; Category: Novels; Category: Classics of Literature; Category: American Literature,1991-05-01,en,auto-scored,1,g15
136,5658,Lord Jim,Joseph Conrad,3607,11,PR,Best Books Ever Listings; Category: Adventure; Category: Novels; Category: Classics of Literature; Category: British Literature,2006-01-09,en,auto-scored,1,g5658
137,78,Tarzan of the Apes,Edgar Rice Burroughs,3571,11,PS,Adventure; Movie Books; Category: Adventure; Category: Novels; Category: American Literature,1993-08-01,en,auto-scored,1,g78
138,3350,The Wandering Jew — Complete,Eugène Sue,3485,11,PQ,"Category: Adventure; Category: Novels; Category: Mythology, Legends & Folklore; Category: French Literature",2004-10-25,en,auto-scored,1,g3350
139,2166,King Solomon's Mines,H. Rider Haggard,3424,11,PR,Adventure; Best Books Ever Listings; Movie Books; Category: Adventure; Category: Novels; Category: British Literature,2000-05-01,en,auto-scored,1,g2166
140,708,The Princess and the Goblin,George MacDonald,3108,11,PZ,Children's Literature; Category: Children & Young Adult Reading; Category: Science-Fiction & Fantasy; Category: Adventure,1996-11-01,en,auto-scored,1,g708
141,5160,The Mabinogion,Anonymous,2983,11,PB,"Fantasy; Category: Historical Novels; Category: Adventure; Category: Mythology, Legends & Folklore; Category: Classics of Literature",2004-02-01,en,auto-scored,1,g5160
142,501,The Story of Doctor Dolittle,Hugh Lofting,2875,11,PZ,Children's Literature; Category: Children & Young Adult Reading; Category: Adventure; Category: Novels,1996-04-01,en,auto-scored,1,g501
143,2759,The Man in the Iron Mask,Alexandre Dumas,2761,11,PQ,Adventure; Movie Books; Category: Historical Novels; Category: Novels; Category: French Literature,2001-08-01,en,auto-scored,1,g2759
144,1156,Babbitt,Sinclair Lewis,2599,15,PS,"Bestsellers, American, 1895-1923; Category: Novels; Category: American Literature; Nobel Prizes in Literature",2002-02-11,en,auto-scored,1,g1156
145,1074,The Sea-Wolf,Jack London,2597,11,PS,Category: Adventure; Category: Novels; Category: American Literature,1997-10-01,en,auto-scored,1,g1074
146,543,Main Street,Sinclair Lewis,2277,15,PS,"Bestsellers, American, 1895-1923; Category: Novels; Category: American Literature; Nobel Prizes in Literature",2006-01-21,en,auto-scored,1,g543
147,95,The prisoner of Zenda,Anthony Hope,2255,17,PR,"Adventure; Best Books Ever Listings; Movie Books; Bestsellers, American, 1895-1923; Category: Adventure; Category: Novels; Category: British Literature",2006-01-09,en,auto-scored,1,g95
148,1937,The Second Jungle Book,Rudyard Kipling,2255,11,PR,Scouts; Children's Literature; Category: Short Stories; Category: Children & Young Adult Reading; Category: Adventure; Category: British Literature; Nobel Prizes in Literature,1999-10-01,en,auto-scored,1,g1937
149,21959,Letters from a Self-Made Merchant to His Son,George Horace Lorimer,2228,15,PS,"Bestsellers, American, 1895-1923; Category: Essays, Letters & Speeches; Category: American Literature",2007-06-28,en,auto-scored,1,g21959
150,1900,Typee: A Romance of the South Seas,Herman Melville,2227,11,PS,Category: Adventure; Category: Novels; Category: American Literature,1999-09-01,en,auto-scored,1,g1900
151,2988,Mark Twain: A Biography. Complete,Albert Bigelow Paine,2152,15,PS,"Bestsellers, American, 1895-1923; Category: Biographies; Category: American Literature",2004-10-04,en,auto-scored,1,g2988
152,1298,The Virginian: A Horseman of the Plains,Owen Wister,2142,17,PS,"Western; Bestsellers, American, 1895-1923; Category: Adventure; Category: Novels; Category: American Literature",1998-05-01,en,auto-scored,1,g1298
153,1300,Riders of the Purple Sage,Zane Grey,2019,11,PS,Western; Category: Adventure; Category: Novels; Category: American Literature,1998-05-01,en,auto-scored,1,g1300
154,903,The White Company,Arthur Conan Doyle,2013,11,PR,Historical Fiction; Category: Historical Novels; Category: Adventure; Category: British Literature,1997-05-01,en,auto-scored,1,g903
155,22066,The Long Roll,Mary Johnston,2010,15,PS,"US Civil War; Bestsellers, American, 1895-1923; Category: Historical Novels; Category: American Literature",2007-07-13,en,auto-scored,1,g22066
156,1951,The Coming Race,Baron Edward Bulwer Lytton Lytton,1878,11,PR,Precursors of Science Fiction; Best Books Ever Listings; Category: Science-Fiction & Fantasy; Category: Adventure; Category: British Literature,2006-02-19,en,auto-scored,1,g1951
157,2609,The Vicomte de Bragelonne,Alexandre Dumas,1856,11,PQ,Adventure; Historical Fiction; Movie Books; Category: Historical Novels; Category: Adventure; Category: Novels; Category: French Literature,2001-04-01,en,auto-scored,1,g2609
158,615,Orlando Furioso,Lodovico Ariosto,1827,11,PQ,"Category: Poetry; Category: Adventure; Category: Mythology, Legends & Folklore; Category: Classics of Literature",1996-08-01,en,auto-scored,1,g615
159,169,The Well at the World's End: A Tale,William Morris,1773,11,PR,Fantasy; Category: Science-Fiction & Fantasy; Category: Adventure; Category: Novels; Category: British Literature,1994-10-01,en,auto-scored,1,g169
160,7100,"Adventures of Huckleberry Finn, Chapters 01 to 05",Mark Twain,1763,11,PZ; PS,Category: Adventure; Category: Novels; Category: Classics of Literature; Category: American Literature,2004-06-27,en,auto-scored,1,g7100
161,964,The Merry Adventures of Robin Hood,Howard Pyle,1722,11,PZ; PS,"Fantasy; Category: Adventure; Category: Novels; Category: Mythology, Legends & Folklore; Category: British Literature",2006-02-05,en,auto-scored,1,g964
162,7025,Rob Roy — Complete,Walter Scott,1696,11,PR,Historical Fiction; Category: Historical Novels; Category: Adventure; Category: British Literature,2004-08-23,en,auto-scored,1,g7025
163,559,Greenmantle,John Buchan,1626,11,PR,"World War I; Adventure; Mystery Fiction; Movie Books; Category: Crime, Thrillers and Mystery; Category: Adventure; Category: Novels; Category: British Literature",1996-06-01,en,auto-scored,1,g559
164,106,Jungle Tales of Tarzan,Edgar Rice Burroughs,1607,11,PZ; PS,Adventure; Movie Books; Category: Short Stories; Category: Science-Fiction & Fantasy; Category: Adventure; Category: British Literature,1994-02-01,en,auto-scored,1,g106
165,792,"Wieland; Or, The Transformation: An American Tale",Charles Brockden Brown,1607,11,PS,Best Books Ever Listings; Gothic Fiction; Category: Novels; Category: American Literature,1997-01-01,en,auto-scored,1,g792
166,5342,The Story Girl,L. M. Montgomery,1599,11,PZ,"Canada; Children's Literature; Category: Children & Young Adult Reading; Category: Adventure; Category: Novels; Category: Mythology, Legends & Folklore",2004-03-01,en,auto-scored,1,g5342
167,498,Rebecca of Sunnybrook Farm,Kate Douglas Smith Wiggin,1577,15,PZ; PS,"Children's Literature; Bestsellers, American, 1895-1923; Category: Children & Young Adult Reading; Category: Novels; Category: American Literature",1996-04-01,en,auto-scored,1,g498
168,1712,The Rescue: A Romance of the Shallows,Joseph Conrad,1577,11,PR,Category: Adventure; Category: Novels; Category: British Literature,2006-01-09,en,auto-scored,1,g1712
169,123,At the Earth's Core,Edgar Rice Burroughs,1572,11,PS,Science Fiction; Category: Science-Fiction & Fantasy; Category: Adventure,1994-04-01,en,auto-scored,1,g123
170,91,Tom Sawyer Abroad,Mark Twain,1552,11,PS,Category: Humour; Category: Adventure; Category: Novels; Category: American Literature,2004-09-14,en,auto-scored,1,g91
171,1720,The Man Who Knew Too Much,G. K. Chesterton,1495,11,PR,"Category: Crime, Thrillers and Mystery; Category: Novels; Category: British Literature",1999-04-01,en,auto-scored,1,g1720
172,710,"Love of Life, and Other Stories",Jack London,1486,11,PS,Category: Short Stories; Category: Adventure; Category: American Literature,1996-11-01,en,auto-scored,1,g710
173,646,The Coral Island: A Tale of the Pacific Ocean,R. M. Ballantyne,1468,11,PZ,Children's Fiction; Category: Children & Young Adult Reading; Category: Adventure; Category: Novels; Category: British Literature,1996-09-01,en,auto-scored,1,g646
174,525,"Youth, a Narrative",Joseph Conrad,1463,11,PR,Category: Adventure; Category: Novels; Category: British Literature,2006-01-09,en,auto-scored,1,g525
175,770,The Story of the Treasure Seekers,E. Nesbit,1454,11,PR; PZ,Children's Literature; Children's Fiction; Category: Children & Young Adult Reading; Category: Adventure; Category: Novels; Category: British Literature,1997-01-01,en,auto-scored,1,g770
176,2710,Louise de la Vallière,Alexandre Dumas,1445,11,PQ,Adventure; Movie Books; Category: Historical Novels; Category: Adventure; Category: Novels; Category: French Literature,2001-07-01,en,auto-scored,1,g2710
177,3285,The Deerslayer,James Fenimore Cooper,1428,11,PS,Native America; Category: Historical Novels; Category: Adventure; Category: American Literature,2002-06-01,en,auto-scored,1,g3285
178,1258,Ten Years Later,Alexandre Dumas,1407,11,PQ,Category: Historical Novels; Category: Adventure; Category: Novels; Category: French Literature,1998-03-01,en,auto-scored,1,g1258
179,832,Robin Hood,J. Walker McSpadden,1367,11,PZ,"Fantasy; Category: Historical Novels; Category: Adventure; Category: Mythology, Legends & Folklore; Category: British Literature",2006-01-21,en,auto-scored,1,g832
180,85,The Beasts of Tarzan,Edgar Rice Burroughs,1327,11,PZ; PS,Adventure; Movie Books; Category: Science-Fiction & Fantasy; Category: Adventure; Category: Novels,1993-10-01,en,auto-scored,1,g85
181,837,The Story of the Amulet,E. Nesbit,1303,11,PR; PZ,Children's Literature; Children's Fiction; Category: Children & Young Adult Reading; Category: Science-Fiction & Fantasy; Category: Adventure; Category: British Literature,1997-03-01,en,auto-scored,1,g837
182,2276,The Private Memoirs and Confessions of a Justified Sinner,James Hogg,1270,11,PR,Best Books Ever Listings; Gothic Fiction; Category: Novels; Category: British Literature,2000-08-01,en,auto-scored,1,g2276
183,39858,Trilby,George Du Maurier,1263,15,PR,"Bestsellers, American, 1895-1923; Category: Novels; Category: British Literature",2012-05-29,en,auto-scored,1,g39858
184,402,Penrod,Booth Tarkington,1252,15,PS,"Best Books Ever Listings; Bestsellers, American, 1895-1923; Category: Children & Young Adult Reading; Category: Humour; Category: Novels; Category: American Literature",2006-03-15,en,auto-scored,1,g402
185,1377,The Talisman,Walter Scott,1241,11,PR,Historical Fiction; Category: Historical Novels; Category: Adventure; Category: British Literature,1998-07-01,en,auto-scored,1,g1377
186,7193,"The Adventures of Tom Sawyer, Part 1.",Mark Twain,1233,11,PS,Category: Adventure; Category: Novels; Category: American Literature,2004-06-29,en,auto-scored,1,g7193
187,1947,Scaramouche: A Romance of the French Revolution,Rafael Sabatini,1227,11,PR,Adventure; Best Books Ever Listings; Movie Books; Category: Historical Novels; Category: Novels; Category: French Literature,1999-11-01,en,auto-scored,1,g1947
188,1024,The Wrecker,Robert Louis Stevenson,1225,11,PR,Category: Adventure; Category: Novels; Category: British Literature,2006-02-11,en,auto-scored,1,g1024
189,1027,The Lone Star Ranger: A Romance of the Border,Zane Grey,1221,17,PS,"Western; Bestsellers, American, 1895-1923; Category: Adventure; Category: Novels; Category: American Literature",1997-08-01,en,auto-scored,1,g1027
190,25702,The Kingdom Round the Corner: A Novel,Coningsby Dawson,1213,15,PS,"Bestsellers, American, 1895-1923; Category: Novels; Category: British Literature",2008-06-05,en,auto-scored,1,g25702
191,711,Allan Quatermain,H. Rider Haggard,1205,11,PR,Adventure; Movie Books; Category: Adventure; Category: Novels; Category: British Literature,2004-11-18,en,auto-scored,1,g711
192,294,"The Captain of the Polestar, and Other Tales",Arthur Conan Doyle,1185,11,PR,Category: Short Stories; Category: Adventure; Category: British Literature,1995-07-01,en,auto-scored,1,g294
193,1142,Typhoon,Joseph Conrad,1173,11,PR,Category: Adventure; Category: Novels; Category: British Literature,2006-01-09,en,auto-scored,1,g1142
194,3154,The Surprising Adventures of Baron Munchausen,Rudolf Erich Raspe,1172,11,PN,Category: Humour; Category: Adventure; Category: Novels; Category: Classics of Literature,2006-04-06,en,auto-scored,1,g3154
195,5164,The Beetle: A Mystery,Richard Marsh,1157,11,PR,"Mystery Fiction; Category: Crime, Thrillers and Mystery; Category: Novels; Category: British Literature",2004-02-01,en,auto-scored,1,g5164
196,1154,The Voyages of Doctor Dolittle,Hugh Lofting,1153,11,PZ,Children's Literature; Category: Children & Young Adult Reading; Category: Adventure; Category: Novels,1998-01-01,en,auto-scored,1,g1154
197,1895,Armadale,Wilkie Collins,1138,11,PR,"Category: Crime, Thrillers and Mystery; Category: Novels; Category: British Literature",1999-09-01,en,auto-scored,1,g1895
198,93,"Tom Sawyer, Detective",Mark Twain,1132,11,PS,"Category: Crime, Thrillers and Mystery; Category: Novels; Category: American Literature",2004-09-14,en,auto-scored,1,g93
199,2845,Sir Nigel,Arthur Conan Doyle,1132,11,PR,Category: Historical Novels; Category: Adventure; Category: British Literature,2001-10-01,en,auto-scored,1,g2845
200,1622,The Law and the Lady,Wilkie Collins,1110,11,PR,"Category: Crime, Thrillers and Mystery; Category: Novels; Category: British Literature",1999-02-01,en,auto-scored,1,g1622
201,765,The Moon Pool,Abraham Merritt,1082,11,PS,Science Fiction; Category: Science-Fiction & Fantasy; Category: Adventure; Category: Novels,1996-12-01,en,auto-scored,1,g765
202,506,The Shuttle,Frances Hodgson Burnett,1079,15,PS,"Bestsellers, American, 1895-1923; Category: Novels; Category: British Literature; Category: American Literature",2006-03-18,en,auto-scored,1,g506
203,1557,Men of Iron,Howard Pyle,1071,11,PZ,Fantasy; Category: Historical Novels; Category: Adventure; Category: British Literature,2006-02-15,en,auto-scored,1,g1557
204,238,Dear Enemy,Jean Webster,1070,15,PZ; PS,"Bestsellers, American, 1895-1923; Category: Novels; Category: American Literature",2008-07-03,en,auto-scored,1,g238
205,170,The Haunted Hotel: A Mystery of Modern Venice,Wilkie Collins,1069,11,PR,"Category: Crime, Thrillers and Mystery; Category: Novels; Category: British Literature",1994-10-01,en,auto-scored,1,g170
206,520,The Life and Adventures of Santa Claus,L. Frank Baum,1067,11,PZ,"Children's Literature; Christmas; Category: Children & Young Adult Reading; Category: Adventure; Category: Novels; Category: Mythology, Legends & Folklore; Category: American Literature",1996-05-01,en,auto-scored,1,g520
207,1188,The Lair of the White Worm,Bram Stoker,1060,11,PR,"Horror; Gothic Fiction; Category: Science-Fiction & Fantasy; Category: Novels; Category: Mythology, Legends & Folklore; Category: British Literature",1998-02-01,en,auto-scored,1,g1188
208,96,The Monster Men,Edgar Rice Burroughs,1058,11,PS,Science Fiction; Category: Science-Fiction & Fantasy; Category: Adventure; Category: Novels; Category: American Literature,1994-01-01,en,auto-scored,1,g96
209,2346,The Adventure of the Bruce-Partington Plans,Arthur Conan Doyle,1057,11,PR,"Detective Fiction; Category: Crime, Thrillers and Mystery; Category: British Literature",2000-10-01,en,auto-scored,1,g2346
210,4047,The Leavenworth Case,Anna Katharine Green,1053,11,PS,"Detective Fiction; Category: Crime, Thrillers and Mystery; Category: Novels; Category: American Literature",2003-05-01,en,auto-scored,1,g4047
211,4014,Arsène Lupin,Maurice Leblanc,1014,11,PQ,"Crime Fiction; Category: Crime, Thrillers and Mystery; Category: Novels; Category: French Literature",2003-05-01,en,auto-scored,1,g4014
212,561,The Further Adventures of Robinson Crusoe,Daniel Defoe,1012,11,PR,Best Books Ever Listings; Category: Adventure; Category: Novels; Category: Classics of Literature; Category: British Literature,1996-06-01,en,auto-scored,1,g561
213,1880,"The Pathfinder; Or, The Inland Sea",James Fenimore Cooper,999,11,PS,Harvard Classics; Category: Adventure; Category: Novels; Category: American Literature,1999-09-01,en,auto-scored,1,g1880
214,434,The Circular Staircase,Mary Roberts Rinehart,997,11,PS,"Detective Fiction; Category: Crime, Thrillers and Mystery; Category: Novels; Category: American Literature",1996-02-01,en,auto-scored,1,g434
215,3457,The Man of the Forest,Zane Grey,995,17,PS,"Western; Bestsellers, American, 1895-1923; Category: Adventure; Category: Novels; Category: American Literature",2002-10-01,en,auto-scored,1,g3457
216,2347,The Adventure of the Dying Detective,Arthur Conan Doyle,995,11,PR,"Detective Fiction; Category: Short Stories; Category: Crime, Thrillers and Mystery; Category: British Literature",2000-10-01,en,auto-scored,1,g2347
217,378,The White Knight: Tirant Lo Blanc,Joanot Martorell,992,11,PC,Category: Historical Novels; Category: Adventure; Category: Classics of Literature,1995-12-01,en,auto-scored,1,g378
218,419,The Magic of Oz,L. Frank Baum,991,11,PZ,Children's Literature; Fantasy; Category: Children & Young Adult Reading; Category: Science-Fiction & Fantasy; Category: Adventure,1996-02-01,en,auto-scored,1,g419
219,6066,King--of the Khyber Rifles: A Romance of Adventure,Talbot Mundy,980,11,PR,Adventure; Category: Historical Novels; Category: Adventure; Category: Novels; Category: British Literature,2004-07-01,en,auto-scored,1,g6066
220,1848,Montezuma's Daughter,H. Rider Haggard,976,11,PR,Historical Fiction; Category: Historical Novels; Category: Adventure; Category: British Literature,2006-05-14,en,auto-scored,1,g1848
221,420,Dorothy and the Wizard in Oz,L. Frank Baum,975,11,PZ,Children's Literature; Fantasy; Category: Children & Young Adult Reading; Category: Science-Fiction & Fantasy; Category: Adventure; Category: American Literature,1996-02-01,en,auto-scored,1,g420
222,605,Pellucidar,Edgar Rice Burroughs,971,11,PS,Science Fiction; Category: Science-Fiction & Fantasy; Category: Adventure,1996-07-01,en,auto-scored,1,g605
223,2186,"""Captains Courageous"": A Story of the Grand Banks",Rudyard Kipling,970,11,PR,Category: Adventure; Category: Novels; Category: British Literature; Nobel Prizes in Literature,2000-05-01,en,auto-scored,1,g2186
224,4045,Omoo: Adventures in the South Seas,Herman Melville,968,11,PS,Category: Adventure; Category: Novels; Category: American Literature,2003-05-01,en,auto-scored,1,g4045
225,22537,Mr. Dooley in Peace and in War,Finley Peter Dunne,966,15,PN,"Humor; Bestsellers, American, 1895-1923; Category: Humour; Category: Essays, Letters & Speeches; Category: American Literature",2007-09-07,en,auto-scored,1,g22537
226,486,Ozma of Oz,L. Frank Baum,966,11,PZ,Children's Literature; Fantasy; Category: Children & Young Adult Reading; Category: Science-Fiction & Fantasy; Category: Adventure; Category: American Literature,1996-04-01,en,auto-scored,1,g486
227,2020,Tarzan the Terrible,Edgar Rice Burroughs,961,11,PZ; PS,Adventure; Movie Books; Category: Science-Fiction & Fantasy; Category: Adventure; Category: Novels; Category: American Literature,2000-01-01,en,auto-scored,1,g2020
228,7079,The Companions of Jehu,Alexandre Dumas,957,11,PQ,Historical Fiction; Category: Historical Novels; Category: Adventure; Category: Novels; Category: French Literature,2004-12-01,en,auto-scored,1,g7079
229,2761,"Benita, an African romance",H. Rider Haggard,949,11,PR,Africa; Category: Romance; Category: Adventure; Category: Novels; Category: British Literature,2006-03-28,en,auto-scored,1,g2761
230,133,The Damnation of Theron Ware,Harold Frederic,941,15,PS,"Bestsellers, American, 1895-1923; Category: Novels; Category: American Literature",2006-03-08,en,auto-scored,1,g133
231,2785,The Elusive Pimpernel,Baroness Emmuska Orczy Orczy,937,11,PR,Adventure; Movie Books; Category: Historical Novels; Category: Adventure; Category: British Literature,2001-08-01,en,auto-scored,1,g2785
232,369,The outlaw of Torn,Edgar Rice Burroughs,929,11,PS,Science Fiction; Category: Historical Novels; Category: Adventure; Category: British Literature,2008-07-11,en,auto-scored,1,g369
233,310,Before Adam,Jack London,926,11,PS,Category: Science-Fiction & Fantasy; Category: Adventure; Category: Novels; Category: American Literature,2008-06-29,en,auto-scored,1,g310
234,384,The Lost Prince,Frances Hodgson Burnett,924,11,PZ; PS,Children's Literature; Category: Children & Young Adult Reading; Category: Adventure; Category: Novels; Category: British Literature,1996-01-01,en,auto-scored,1,g384
235,2569,The Day's Work,Rudyard Kipling,921,15,PR,"Bestsellers, American, 1895-1923; Category: Short Stories; Category: British Literature; Nobel Prizes in Literature",2001-03-01,en,auto-scored,1,g2569
236,6450,The Prairie,James Fenimore Cooper,921,11,PS,Category: Historical Novels; Category: Adventure; Category: Novels; Category: American Literature,2004-09-01,en,auto-scored,1,g6450
237,2349,The Adventure of the Devil's Foot,Arthur Conan Doyle,918,11,PR,"Detective Fiction; Category: Short Stories; Category: Crime, Thrillers and Mystery; Category: British Literature",2000-10-01,en,auto-scored,1,g2349
238,960,The Tin Woodman of Oz,L. Frank Baum,913,11,PZ,Children's Literature; Fantasy; Category: Children & Young Adult Reading; Category: Science-Fiction & Fantasy; Category: Adventure; Category: Novels,1997-06-01,en,auto-scored,1,g960
239,440,Just David,Eleanor H. Porter,912,15,PZ; PS,"Bestsellers, American, 1895-1923; Category: Children & Young Adult Reading; Category: Novels; Category: American Literature",1996-02-01,en,auto-scored,1,g440
240,959,The Lost Princess of Oz,L. Frank Baum,907,11,PZ,Fantasy; Category: Children & Young Adult Reading; Category: Science-Fiction & Fantasy; Category: Adventure; Category: Novels; Category: American Literature,1997-06-01,en,auto-scored,1,g959
241,2512,The cruise of the Snark,Jack London,902,11,PS,Category: Biographies; Category: Adventure; Category: Travel Writing; Category: American Literature,2001-02-01,en,auto-scored,1,g2512
242,331,The Mucker,Edgar Rice Burroughs,901,11,PS,"Category: Crime, Thrillers and Mystery; Category: Adventure; Category: Novels; Category: American Literature",1995-09-01,en,auto-scored,1,g331
243,388,The Crossing,Winston Churchill,897,17,PS,"Bestsellers, American, 1895-1923; Category: Historical Novels; Category: Adventure; Category: American Literature",2004-10-19,en,auto-scored,1,g388
244,788,The Red One,Jack London,896,11,PS,Category: Science-Fiction & Fantasy; Category: Adventure; Category: Novels; Category: American Literature,1997-01-01,en,auto-scored,1,g788
245,1752,El Dorado: An Adventure of the Scarlet Pimpernel,Baroness Emmuska Orczy Orczy,896,11,PR,Adventure; Movie Books; Category: Historical Novels; Category: Adventure; Category: British Literature,1999-05-01,en,auto-scored,1,g1752
246,353,"In Flanders Fields, and Other Poems",John McCrae,881,11,PR,"World War I; Bestsellers, American, 1895-1923; Category: Poetry",2008-07-05,en,auto-scored,1,g353
247,3007,"The Smoky God; Or, A Voyage to the Inner World",Willis George Emerson,879,11,PS,Category: Science-Fiction & Fantasy; Category: Adventure; Category: Novels,2002-01-01,en,auto-scored,1,g3007
248,1484,The Four Horsemen of the Apocalypse,Vicente Blasco Ibáñez,874,11,PQ,"World War I; Bestsellers, American, 1895-1923; 6 Best Loved Spanish Literary Classics; Category: Historical Novels; Category: Novels",2006-05-03,en,auto-scored,1,g1484
249,349,The Harvester,Gene Stratton-Porter,873,15,PS,"Bestsellers, American, 1895-1923; Category: Novels; Category: American Literature",1995-10-01,en,auto-scored,1,g349
250,1563,The Crystal Stopper,Maurice Leblanc,873,11,PQ,"Crime Fiction; Category: Crime, Thrillers and Mystery; Category: Novels",1998-12-01,en,auto-scored,1,g1563
251,1825,The Adventures of Reddy Fox,Thornton W. Burgess,873,11,PZ,Children's Literature; Children's Book Series; Category: Children & Young Adult Reading; Category: Adventure,1999-07-01,en,auto-scored,1,g1825
252,4017,The Hollow Needle; Further adventures of Arsène Lupin,Maurice Leblanc,871,11,PQ,"Crime Fiction; Category: Crime, Thrillers and Mystery; Category: Novels; Category: French Literature",2003-05-01,en,auto-scored,1,g4017
253,1644,The Adventures of Gerard,Arthur Conan Doyle,865,11,PR,Historical Fiction; Category: Short Stories; Category: Humour; Category: Adventure; Category: French Literature,1999-02-01,en,auto-scored,1,g1644
254,7815,"Hereward, the Last of the English",Charles Kingsley,864,11,PR,Historical Fiction; Category: Historical Novels; Category: Adventure; Category: Novels; Category: British Literature,2005-04-01,en,auto-scored,1,g7815
255,2070,To the Last Man,Zane Grey,860,15,PS,"Western; Bestsellers, American, 1895-1923; Category: Historical Novels; Category: Novels; Category: American Literature",2000-02-01,en,auto-scored,1,g2070
256,1607,A Journey in Other Worlds: A Romance of the Future,John Jacob Astor,860,11,PS,Science Fiction; Category: Science-Fiction & Fantasy; Category: Adventure; Category: Novels; Category: American Literature,1999-01-01,en,auto-scored,1,g1607
257,355,The Parasite: A Story,Arthur Conan Doyle,857,11,PR,"Category: Science-Fiction & Fantasy; Category: Crime, Thrillers and Mystery; Category: Novels; Category: British Literature",1995-11-01,en,auto-scored,1,g355
258,1145,Rupert of Hentzau: From The Memoirs of Fritz Von Tarlenheim,Anthony Hope,855,11,PR,Adventure; Movie Books; Category: Historical Novels; Category: Adventure; Category: Novels; Category: British Literature,1997-12-01,en,auto-scored,1,g1145
259,286,Laddie: A True Blue Story,Gene Stratton-Porter,853,17,PS,"Bestsellers, American, 1895-1923; Category: Children & Young Adult Reading; Category: Adventure; Category: Novels; Category: American Literature",1995-06-01,en,auto-scored,1,g286
260,6370,The Story of the Odyssey,Alfred John Church,851,11,PA; PZ,"Category: Adventure; Category: Mythology, Legends & Folklore; Category: Classics of Literature",2004-08-01,en,auto-scored,1,g6370
261,1182,Dope,Sax Rohmer,846,11,PR,"Crime Fiction; Category: Crime, Thrillers and Mystery; Category: Novels; Category: British Literature",1998-01-01,en,auto-scored,1,g1182
262,485,The Road to Oz,L. Frank Baum,844,11,PZ,Children's Literature; Fantasy; Category: Children & Young Adult Reading; Category: Science-Fiction & Fantasy; Category: Adventure,1996-04-01,en,auto-scored,1,g485
263,1264,The Wheels of Chance: A Bicycling Idyll,H. G. Wells,843,11,PR,Category: Humour; Category: Adventure; Category: Novels; Category: British Literature,1998-04-01,en,auto-scored,1,g1264
264,1611,Seventeen,Booth Tarkington,833,15,PS,"Bestsellers, American, 1895-1923; Category: Humour; Category: Novels; Category: American Literature",2006-02-22,en,auto-scored,1,g1611
265,848,The Black Arrow: A Tale of the Two Roses,Robert Louis Stevenson,826,11,PR,Children's Literature; Adventure; Historical Fiction; Movie Books; Category: Historical Novels; Category: Adventure; Category: British Literature,1997-03-01,en,auto-scored,1,g848
266,5228,"Ayesha, the Return of She",H. Rider Haggard,824,11,PR,Adventure; Movie Books; Category: Science-Fiction & Fantasy; Category: Adventure; Category: Novels; Category: British Literature,2006-04-22,en,auto-scored,1,g5228
267,961,Glinda of Oz,L. Frank Baum,821,11,PZ,Children's Literature; Fantasy; Category: Children & Young Adult Reading; Category: Science-Fiction & Fantasy; Category: Adventure; Category: Novels; Category: American Literature,1997-07-01,en,auto-scored,1,g961
268,5240,The Confessions of Harry Lorrequer — Complete,Charles Lever,817,11,PR,Category: Humour; Category: Adventure; Category: Novels; Category: British Literature,2004-06-01,en,auto-scored,1,g5240
269,1083,The Arrow of Gold: A Story Between Two Notes,Joseph Conrad,814,15,PR,"Bestsellers, American, 1895-1923; Category: Historical Novels; Category: Novels; Category: British Literature",1997-10-01,en,auto-scored,1,g1083
270,2344,The Adventure of the Cardboard Box,Arthur Conan Doyle,813,11,PR,"Detective Fiction; Category: Crime, Thrillers and Mystery; Category: Novels; Category: British Literature",2000-10-01,en,auto-scored,1,g2344
271,864,The Master of Ballantrae: A Winter's Tale,Robert Louis Stevenson,811,11,PR,Historical Fiction; Category: Historical Novels; Category: Adventure; Category: British Literature,1997-03-01,en,auto-scored,1,g864
272,5396,The Crisis — Complete,Winston Churchill,808,15,PS,"US Civil War; Bestsellers, American, 1895-1923; Category: Historical Novels; Category: Novels; Category: American Literature",2004-10-19,en,auto-scored,1,g5396
273,322,St. Ives: Being the Adventures of a French Prisoner in England,Robert Louis Stevenson,808,11,PR,Historical Fiction; Category: Historical Novels; Category: Romance; Category: Adventure; Category: Novels; Category: British Literature,1995-09-01,en,auto-scored,1,g322
274,5745,She and Allan,H. Rider Haggard,808,11,PR,Adventure; Category: Science-Fiction & Fantasy; Category: Adventure; Category: Novels,2006-04-22,en,auto-scored,1,g5745
275,2568,Trent's Last Case,E. C. Bentley,799,11,PR,"Detective Fiction; Category: Crime, Thrillers and Mystery; Category: Novels; Category: British Literature",2001-03-01,en,auto-scored,1,g2568
276,706,The Amateur Cracksman,E. W. Hornung,795,11,PR,"Crime Fiction; Category: Short Stories; Category: Crime, Thrillers and Mystery; Category: British Literature",1996-11-01,en,auto-scored,1,g706
277,3479,The Metal Monster,Abraham Merritt,793,11,PS,Science Fiction; Category: Science-Fiction & Fantasy; Category: Adventure; Category: Novels,2002-10-01,en,auto-scored,1,g3479
278,3055,The Wood Beyond the World,William Morris,785,11,PR,Fantasy; Category: Science-Fiction & Fantasy; Category: Adventure; Category: Novels; Category: British Literature,2002-02-01,en,auto-scored,1,g3055
279,839,New Arabian Nights,Robert Louis Stevenson,781,11,PR,Category: Short Stories; Category: Adventure; Category: British Literature,1997-03-01,en,auto-scored,1,g839
280,746,Burning Daylight,Jack London,780,11,PS,Category: Adventure; Category: Novels; Category: American Literature,1996-12-01,en,auto-scored,1,g746
281,2799,Eben Holden: A Tale of the North Country,Irving Bacheller,778,17,PS,"Bestsellers, American, 1895-1923; Category: Adventure; Category: Novels; Category: American Literature",2001-09-01,en,auto-scored,1,g2799
282,2014,The Lodger,Marie Belloc Lowndes,778,11,PR,"Category: Crime, Thrillers and Mystery; Category: Novels; Category: British Literature",2005-03-13,en,auto-scored,1,g2014
283,611,Prester John,John Buchan,777,11,PR,Adventure; Movie Books; Category: Adventure; Category: Novels; Category: British Literature,1996-08-01,en,auto-scored,1,g611
284,405,Adventures and Letters of Richard Harding Davis,Richard Harding Davis,772,15,PS,"Bestsellers, American, 1895-1923; Category: Biographies; Category: Essays, Letters & Speeches; Category: American Literature",1996-01-01,en,auto-scored,1,g405
285,3465,Under Two Flags,Ouida,769,11,PR,Category: Adventure; Category: Novels; Category: British Literature,2006-04-06,en,auto-scored,1,g3465
286,3199,Mark Twain's Letters — Complete (1853-1910),Mark Twain,767,15,PS,"Bestsellers, American, 1895-1923; Category: Biographies; Category: Essays, Letters & Speeches; Category: American Literature",2004-09-19,en,auto-scored,1,g3199
287,1587,The Black Robe,Wilkie Collins,760,11,PR,"Category: Crime, Thrillers and Mystery; Category: Novels; Category: British Literature",2006-02-22,en,auto-scored,1,g1587
288,3808,Robur the Conqueror,Jules Verne,757,11,PQ,Category: Science-Fiction & Fantasy; Category: Adventure; Category: Novels; Category: French Literature,2003-03-01,en,auto-scored,1,g3808
289,3294,The sea-hawk,Rafael Sabatini,754,13,PR,"Pirates, Buccaneers, Corsairs, etc.; Movie Books; Bestsellers, American, 1895-1923; Category: Historical Novels; Category: Adventure; Category: Novels",2002-06-01,en,auto-scored,1,g3294
290,1088,Rolf in the Woods,Ernest Thompson Seton,754,11,PS,Category: Adventure; Category: Novels; Category: American Literature,1997-10-01,en,auto-scored,1,g1088
291,1095,The Light of the Western Stars,Zane Grey,752,11,PS,Western; Category: Adventure; Category: Novels; Category: American Literature,1997-11-01,en,auto-scored,1,g1095
292,2377,The Son of the Wolf,Jack London,752,11,PS,Category: Short Stories; Category: Adventure; Category: American Literature,2000-10-01,en,auto-scored,1,g2377
293,5373,Richard Carvel — Complete,Winston Churchill,751,15,PS,"Bestsellers, American, 1895-1923; Category: Historical Novels; Category: Novels; Category: American Literature",2004-10-18,en,auto-scored,1,g5373
294,604,Gulliver of Mars,Edwin Lester Arnold,751,11,PR,Science Fiction; Fantasy; Category: Science-Fiction & Fantasy; Category: Adventure; Category: Novels,1996-07-01,en,auto-scored,1,g604
295,315,Rhymes of a Red Cross Man,Robert W. Service,750,11,PS,"Bestsellers, American, 1895-1923; Category: Poetry; Category: History - Warfare",1995-08-01,en,auto-scored,1,g315
296,1980,Stories by English Authors: Africa (Selected by Scribners),Various,750,11,PR,"Africa; Short Stories; Category: Short Stories; Category: Crime, Thrillers and Mystery; Category: Adventure; Category: British Literature",2006-03-26,en,auto-scored,1,g1980
297,518,The Enchanted Island of Yew,L. Frank Baum,748,11,PZ,Children's Literature; Fantasy; Category: Children & Young Adult Reading; Category: Science-Fiction & Fantasy; Category: Adventure,1996-05-01,en,auto-scored,1,g518
298,2043,The Lock and Key Library: The most interesting stories of all nations: American,Various,748,11,PS,"Short Stories; Category: Short Stories; Category: Crime, Thrillers and Mystery; Category: American Literature",2000-01-01,en,auto-scored,1,g2043
299,794,The Wouldbegoods: Being the Further Adventures of the Treasure Seekers,E. Nesbit,744,11,PR; PZ,Children's Literature; Children's Fiction; Category: Children & Young Adult Reading; Category: Adventure; Category: British Literature,1997-01-01,en,auto-scored,1,g794
300,2343,The Adventure of Wisteria Lodge,Arthur Conan Doyle,743,11,PR,"Detective Fiction; Category: Crime, Thrillers and Mystery; Category: Novels; Category: British Literature",2000-10-01,en,auto-scored,1,g2343
301,3782,Huntingtower,John Buchan,742,11,PR,Category: Adventure; Category: Novels; Category: British Literature,2003-02-01,en,auto-scored,1,g3782
302,4380,Under Fire: The Story of a Squad,Henri Barbusse,741,15,PQ,"World War I; Bestsellers, American, 1895-1923; Category: Novels; Category: French Literature",2003-08-01,en,auto-scored,1,g4380
303,3538,The Americanization of Edward Bok,Edward William Bok,740,15,PN,"Bestsellers, American, 1895-1923; Category: Biographies; Category: American Literature",2002-11-01,en,auto-scored,1,g3538
304,502,Desert Gold,Zane Grey,736,11,PS,Western; Category: Adventure; Category: Novels; Category: American Literature,1996-04-01,en,auto-scored,1,g502
305,305,The Count's Millions,Emile Gaboriau,734,11,PQ,"Detective Fiction; Category: Crime, Thrillers and Mystery; Category: Novels; Category: French Literature",2008-07-02,en,auto-scored,1,g305
306,3091,The Giant Raft,Jules Verne,733,11,PQ,Category: Adventure; Category: Novels; Category: Classics of Literature,2002-02-01,en,auto-scored,1,g3091
307,22158,The Lure of the Mask,Harold MacGrath,732,17,PS,"Bestsellers, American, 1895-1923; Category: Romance; Category: Crime, Thrillers and Mystery; Category: Novels; Category: American Literature",2007-07-27,en,auto-scored,1,g22158
308,363,The Oakdale Affair,Edgar Rice Burroughs,729,11,PS,"Category: Crime, Thrillers and Mystery; Category: Novels; Category: American Literature",2008-07-11,en,auto-scored,1,g363
309,43241,The Adventures of François,S. Weir Mitchell,727,17,PS,"Bestsellers, American, 1895-1923; Category: Historical Novels; Category: Adventure; Category: Novels; Category: French Literature",2013-07-17,en,auto-scored,1,g43241
310,298,The Market-Place,Harold Frederic,725,15,PS,"Bestsellers, American, 1895-1923; Category: Novels; Category: British Literature",2008-07-09,en,auto-scored,1,g298
311,3637,The Garden of Allah,Robert Hichens,725,15,PR,"Bestsellers, American, 1895-1923; Category: Novels; Category: British Literature",2006-04-13,en,auto-scored,1,g3637
312,14126,The Marriage of William Ashe,Mrs. Humphry Ward,724,15,PR,"Bestsellers, American, 1895-1923; Category: Romance; Category: Novels; Category: British Literature",2004-11-22,en,auto-scored,1,g14126
313,6100,Pollyanna Grows Up,Eleanor H. Porter,722,15,PZ; PS,"Bestsellers, American, 1895-1923; Category: Children & Young Adult Reading; Category: Novels; Category: American Literature",2004-07-01,en,auto-scored,1,g6100
314,6267,The Weavers: a tale of England and Egypt of fifty years ago - Complete,Gilbert Parker,722,15,PS,"Egypt; Bestsellers, American, 1895-1923; Category: Historical Novels; Category: Novels; Category: British Literature",2004-11-18,en,auto-scored,1,g6267
315,1368,When the World Shook,H. Rider Haggard,722,11,PR,Category: Science-Fiction & Fantasy; Category: Adventure; Category: Novels,1998-06-01,en,auto-scored,1,g1368
316,2415,The Mutiny of the Elsinore,Jack London,722,11,PS,Category: Adventure; Category: Novels; Category: American Literature,2000-12-01,en,auto-scored,1,g2415
317,40140,On the Face of the Waters: A Tale of the Mutiny,Flora Annie Webster Steel,721,15,PR,"Bestsellers, American, 1895-1923; Category: Historical Novels; Category: Novels; Category: British Literature",2012-07-04,en,auto-scored,1,g40140
318,372,"Prince Otto, a Romance",Robert Louis Stevenson,717,11,PR,Category: Romance; Category: Adventure; Category: Novels; Category: British Literature,1995-12-01,en,auto-scored,1,g372
319,3803,File No. 113,Emile Gaboriau,717,11,PQ,"Detective Fiction; Category: Crime, Thrillers and Mystery; Category: Novels; Category: French Literature",2006-04-13,en,auto-scored,1,g3803
320,1604,The Ebb-Tide: A Trio And Quartette,Robert Louis Stevenson,716,11,PR,Category: Adventure; Category: Novels; Category: British Literature,1999-01-01,en,auto-scored,1,g1604
321,14060,Mr. Britling Sees It Through,H. G. Wells,711,15,PR,"World War I; Bestsellers, American, 1895-1923; Category: Novels; Category: British Literature",2004-11-16,en,auto-scored,1,g14060
322,452,"Lavengro: The Scholar, the Gypsy, the Priest",George Borrow,711,11,PR,Category: Adventure; Category: Novels; Category: British Literature,1996-03-01,en,auto-scored,1,g452
323,5067,The Rainbow Trail,Zane Grey,711,11,PS,Western; Category: Romance; Category: Adventure; Category: Novels; Category: American Literature,2004-02-01,en,auto-scored,1,g5067
324,1601,The Breaking Point,Mary Roberts Rinehart,709,15,PS,"Bestsellers, American, 1895-1923; Category: Novels; Category: American Literature",1999-01-01,en,auto-scored,1,g1601
325,707,Raffles: Further Adventures of the Amateur Cracksman,E. W. Hornung,706,11,PR,"Crime Fiction; Category: Short Stories; Category: Crime, Thrillers and Mystery; Category: British Literature",1996-11-01,en,auto-scored,1,g707
326,2345,The Adventure of the Red Circle,Arthur Conan Doyle,705,11,PR,"Detective Fiction; Category: Crime, Thrillers and Mystery; Category: British Literature",2000-10-01,en,auto-scored,1,g2345
327,1975,The Legacy of Cain,Wilkie Collins,703,11,PR,"Category: Crime, Thrillers and Mystery; Category: Novels; Category: British Literature",1999-11-01,en,auto-scored,1,g1975
328,807,Hunted Down: The Detective Stories of Charles Dickens,Charles Dickens,698,11,PR,"Detective Fiction; Category: Short Stories; Category: Crime, Thrillers and Mystery; Category: British Literature",1997-02-01,en,auto-scored,1,g807
329,1721,The Trees of Pride,G. K. Chesterton,698,11,PR,"Category: Crime, Thrillers and Mystery; Category: Novels; Category: British Literature",1999-04-01,en,auto-scored,1,g1721
330,4405,The Shaving of Shagpat; an Arabian entertainment — Complete,George Meredith,697,11,PR,Category: Science-Fiction & Fantasy; Category: Humour; Category: Adventure; Category: Novels,2004-11-02,en,auto-scored,1,g4405
331,7281,Tom Cringle's Log,Michael Scott,696,11,PR,Category: Historical Novels; Category: Adventure; Category: Novels; Category: British Literature,2005-01-01,en,auto-scored,1,g7281
332,5449,Uarda : a Romance of Ancient Egypt — Complete,Georg Ebers,693,11,PT,Egypt; Historical Fiction; Category: Historical Novels; Category: Romance; Category: Adventure,2004-11-15,en,auto-scored,1,g5449
333,1690,Marie: An Episode in the Life of the Late Allan Quatermain,H. Rider Haggard,689,11,PR,Adventure; Category: Historical Novels; Category: Adventure; Category: Novels; Category: British Literature,1999-03-01,en,auto-scored,1,g1690
334,4215,Oak Openings,James Fenimore Cooper,682,11,PS,Category: Historical Novels; Category: Adventure; Category: Novels; Category: American Literature,2003-07-01,en,auto-scored,1,g4215
335,2982,"Mark Twain: A Biography. Volume I, Part 1: 1835-1866",Albert Bigelow Paine,681,11,PS,"Bestsellers, American, 1895-1923",2004-10-04,en,auto-scored,1,g2982
336,6422,"The Life, Adventures & Piracies of the Famous Captain Singleton",Daniel Defoe,680,11,PR,"Crime Nonfiction; Pirates, Buccaneers, Corsairs, etc.; Category: Adventure; Category: Novels; Category: British Literature",2004-09-01,en,auto-scored,1,g6422
337,4603,In the Wilderness,Robert Hichens,678,15,PR,"Bestsellers, American, 1895-1923; Category: Novels; Category: British Literature",2006-04-13,en,auto-scored,1,g4603
338,3180,A Double Barrelled Detective Story,Mark Twain,677,11,PS,"Category: Crime, Thrillers and Mystery; Category: Novels; Category: American Literature",2004-09-16,en,auto-scored,1,g3180
339,1355,"The Underground City; Or, The Black Indies",Jules Verne,676,11,PQ,Category: Science-Fiction & Fantasy; Category: Adventure; Category: Novels; Category: French Literature,1998-06-01,en,auto-scored,1,g1355
340,3071,"The Golden Slipper, and Other Problems for Violet Strange",Anna Katharine Green,676,11,PS,"Category: Short Stories; Category: Crime, Thrillers and Mystery; Category: American Literature",2002-02-01,en,auto-scored,1,g3071
341,1086,A Horse's Tale,Mark Twain,674,11,PS,Category: Children & Young Adult Reading; Category: Humour; Category: Adventure; Category: Novels; Category: American Literature,1997-10-01,en,auto-scored,1,g1086
342,924,To Be Read at Dusk,Charles Dickens,672,11,PR,"Category: Short Stories; Category: Crime, Thrillers and Mystery; Category: British Literature",1997-05-01,en,auto-scored,1,g924
343,647,The Dynamiter,Robert Louis Stevenson,671,11,PR,"Category: Crime, Thrillers and Mystery; Category: Adventure; Category: Novels; Category: British Literature",1996-09-01,en,auto-scored,1,g647
344,3809,The Master of the World,Jules Verne,670,11,PQ,Movie Books; Category: Science-Fiction & Fantasy; Category: Adventure; Category: Novels; Category: French Literature,2003-03-01,en,auto-scored,1,g3809
345,552,The People That Time Forgot,Edgar Rice Burroughs,669,11,PS,Science Fiction; Category: Science-Fiction & Fantasy; Category: Adventure; Category: Novels,1996-06-01,en,auto-scored,1,g552
346,5075,The Lion of the North: A Tale of the Times of Gustavus Adolphus,G. A. Henty,666,11,PR,Historical Fiction; Children's Fiction; Category: Historical Novels; Category: Adventure; Category: History - European; Category: History - Warfare,2004-02-01,en,auto-scored,1,g5075
347,8407,The Christian: A Story,Sir Hall Caine,665,15,PR,"Bestsellers, American, 1895-1923; Category: Romance; Category: Novels; Category: British Literature",2005-07-01,en,auto-scored,1,g8407
348,904,Her Father's Daughter,Gene Stratton-Porter,664,15,PS,"Bestsellers, American, 1895-1923; Category: Novels; Category: American Literature",1997-05-01,en,auto-scored,1,g904
349,2389,Bardelys the Magnificent,Rafael Sabatini,664,11,PR,Category: Historical Novels; Category: Romance; Category: Adventure; Category: French Literature,2000-11-01,en,auto-scored,1,g2389
350,1078,The Scouts of the Valley,Joseph A. Altsheler,663,11,PS,Children's Fiction; Category: Historical Novels; Category: Adventure; Category: American Literature,1997-10-01,en,auto-scored,1,g1078
351,46992,Three Plays by Brieux,Eugène Brieux,662,15,PQ,"Bestsellers, American, 1895-1923; Category: Plays/Films/Dramas; Category: French Literature; Nobel Prizes in Literature",2014-09-28,en,auto-scored,1,g46992
352,7195,"The Adventures of Tom Sawyer, Part 3.",Mark Twain,661,11,PS,Category: Children & Young Adult Reading; Category: Adventure; Category: Novels; Category: Classics of Literature; Category: American Literature,2004-06-29,en,auto-scored,1,g7195
353,5805,The League of the Scarlet Pimpernel,Baroness Emmuska Orczy Orczy,659,11,PR,Adventure; Movie Books; Category: Historical Novels; Category: Adventure; Category: British Literature,2004-06-01,en,auto-scored,1,g5805
354,1235,Captain Fracasse,Théophile Gautier,656,11,PQ,Category: Historical Novels; Category: Adventure; Category: Novels; Category: French Literature,2006-02-19,en,auto-scored,1,g1235
355,15138,A Hoosier Chronicle,Meredith Nicholson,655,15,PS,"Bestsellers, American, 1895-1923; Category: Novels; Category: American Literature",2005-02-22,en,auto-scored,1,g15138
356,4715,An African Millionaire: Episodes in the Life of the Illustrious Colonel Clay,Grant Allen,655,11,PR,"Africa; Crime Fiction; Category: Crime, Thrillers and Mystery; Category: Novels; Category: British Literature",2003-12-01,en,auto-scored,1,g4715
357,7037,Beric the Briton : a Story of the Roman Invasion,G. A. Henty,655,11,PR; PZ,Historical Fiction; Children's Fiction; Category: Historical Novels; Category: Adventure,2004-12-01,en,auto-scored,1,g7037
358,6758,The Adventures of Sir Launcelot Greaves,T. Smollett,654,11,PR,Category: Adventure; Category: Novels; Category: British Literature,2004-09-09,en,auto-scored,1,g6758
359,1627,The Evil Genius: A Domestic Story,Wilkie Collins,653,11,PR,"Category: Crime, Thrillers and Mystery; Category: Novels; Category: British Literature",1999-02-01,en,auto-scored,1,g1627
360,46046,Sonia: Between Two Worlds,Stephen McKenna,652,15,PR,"Bestsellers, American, 1895-1923; Category: Novels; Category: British Literature",2014-06-20,en,auto-scored,1,g46046
361,547,Baron Trigault's Vengeance,Emile Gaboriau,652,11,PQ,"Detective Fiction; Category: Crime, Thrillers and Mystery; Category: Novels; Category: French Literature",2008-07-02,en,auto-scored,1,g547
362,7194,"The Adventures of Tom Sawyer, Part 2.",Mark Twain,650,11,PS,Category: Children & Young Adult Reading; Category: Humour; Category: Adventure; Category: Novels; Category: Classics of Literature; Category: American Literature,2004-06-29,en,auto-scored,1,g7194
363,1167,A Strange Disappearance,Anna Katharine Green,645,11,PS,"Detective Fiction; Category: Crime, Thrillers and Mystery; Category: Novels",1998-01-01,en,auto-scored,1,g1167
364,1262,The Heritage of the Desert: A Novel,Zane Grey,645,11,PS,Western; Category: Adventure; Category: Novels; Category: American Literature,1998-04-01,en,auto-scored,1,g1262
365,422,The Romany Rye,George Borrow,643,11,PR,Category: Adventure; Category: Novels; Category: British Literature,1996-02-01,en,auto-scored,1,g422
366,5815,The Great Impersonation,E. Phillips Oppenheim,640,17,PR,"Bestsellers, American, 1895-1923; Category: Crime, Thrillers and Mystery; Category: Novels; Category: British Literature",2006-04-22,en,auto-scored,1,g5815
367,3766,Coniston — Complete,Winston Churchill,640,15,PS,"Bestsellers, American, 1895-1923; Category: Novels; Category: American Literature",2004-10-17,en,auto-scored,1,g3766
368,1208,South Sea Tales,Jack London,640,11,PS,Category: Short Stories; Category: Adventure; Category: American Literature,1998-02-01,en,auto-scored,1,g1208
369,2807,To Have and to Hold,Mary Johnston,638,17,PS,"Bestsellers, American, 1895-1923; Category: Historical Novels; Category: Adventure; Category: British Literature",2001-09-01,en,auto-scored,1,g2807
370,715,The Moon Endureth: Tales and Fancies,John Buchan,636,11,PR,Category: Short Stories; Category: Adventure; Category: British Literature,1996-11-01,en,auto-scored,1,g715
371,2154,Around the World in Eighty Days. Junior Deluxe Edition,Jules Verne,634,11,PQ; PZ,Category: Adventure; Category: Novels; Category: Classics of Literature; Category: French Literature,2000-04-01,en,auto-scored,1,g2154
372,4792,In Freedom's Cause : A Story of Wallace and Bruce,G. A. Henty,634,11,PR; PZ,Historical Fiction; Children's Fiction; Category: Historical Novels; Category: Adventure; Category: British Literature,2003-12-01,en,auto-scored,1,g4792
373,293,Paul Prescott's Charge,Jr. Horatio Alger,628,11,PZ; PS,Children's Fiction; Category: Children & Young Adult Reading; Category: Adventure; Category: Novels; Category: American Literature,2006-03-15,en,auto-scored,1,g293
374,321,Moran of the Lady Letty,Frank Norris,621,11,PS,Category: Adventure; Category: Novels; Category: American Literature,2008-07-09,en,auto-scored,1,g321
375,5128,The Young Carthaginian: A Story of The Times of Hannibal,G. A. Henty,620,11,PR; PZ,Children's Fiction; Category: Historical Novels; Category: Adventure,2004-02-01,en,auto-scored,1,g5128
376,1364,"Tom Swift and His Electric Locomotive; Or, Two Miles a Minute on the Rails",Victor Appleton,619,11,PZ,Children's Book Series; Category: Children & Young Adult Reading; Category: Science-Fiction & Fantasy; Category: Adventure; Category: Novels; Category: American Literature,1998-06-01,en,auto-scored,1,g1364
377,2098,A Thief in the Night: A Book of Raffles' Adventures,E. W. Hornung,618,11,PR,"Crime Fiction; Category: Crime, Thrillers and Mystery; Category: Adventure; Category: Novels; Category: British Literature",2000-03-01,en,auto-scored,1,g2098
378,14513,Audrey,Mary Johnston,617,17,PS,"Bestsellers, American, 1895-1923; Category: Historical Novels; Category: Adventure; Category: American Literature",2004-12-29,en,auto-scored,1,g14513
379,2546,"Hopalong Cassidy's Rustler Round-Up; Or, Bar-20",Clarence Edward Mulford,617,11,PS,Western; Category: Adventure; Category: Novels; Category: American Literature,2001-03-01,en,auto-scored,1,g2546
380,1183,The Return of Dr. Fu-Manchu,Sax Rohmer,616,11,PR,"Crime Fiction; Category: Crime, Thrillers and Mystery; Category: Novels; Category: British Literature",1998-01-01,en,auto-scored,1,g1183
381,1693,Dangerous Days,Mary Roberts Rinehart,615,15,PS,"Bestsellers, American, 1895-1923; Category: Novels; Category: American Literature",1999-04-01,en,auto-scored,1,g1693
382,3181,The Stolen White Elephant,Mark Twain,615,11,PS,"Category: Short Stories; Category: Crime, Thrillers and Mystery; Category: Humour; Category: American Literature",2004-09-16,en,auto-scored,1,g3181
383,7060,At Agincourt,G. A. Henty,615,11,PR; PZ,Historical Fiction; Children's Fiction; Category: Historical Novels; Category: Adventure; Category: British Literature,2004-12-01,en,auto-scored,1,g7060
384,13812,Sir Mortimer: A Novel,Mary Johnston,614,17,PS,"Bestsellers, American, 1895-1923; Category: Historical Novels; Category: Adventure; Category: Novels; Category: British Literature",2004-10-20,en,auto-scored,1,g13812
385,7639,The Disowned — Complete,Baron Edward Bulwer Lytton Lytton,608,11,PR,Category: Adventure; Category: Novels; Category: British Literature,2004-11-23,en,auto-scored,1,g7639
386,3828,Simon the Jester,William John Locke,606,15,PR,"Bestsellers, American, 1895-1923; Category: Novels; Category: British Literature",2006-04-13,en,auto-scored,1,g3828
387,966,Maid Marian,Thomas Love Peacock,605,11,PR,Historical Fiction; Category: Historical Novels; Category: Romance; Category: Adventure; Category: British Literature,1997-07-01,en,auto-scored,1,g966
388,1730,"Michael, Brother of Jerry",Jack London,605,11,PS,Category: Adventure; Category: Novels; Category: American Literature,1999-05-01,en,auto-scored,1,g1730
389,3777,"Tom Swift and His Electric Rifle; Or, Daring Adventures in Elephant Land",Victor Appleton,605,11,PZ; PS,Children's Book Series; Category: Children & Young Adult Reading; Category: Adventure; Category: Novels; Category: American Literature,2003-02-01,en,auto-scored,1,g3777
390,2392,Further Adventures of Lad,Albert Payson Terhune,604,11,PZ; PS,Animals-Domestic; Category: Short Stories; Category: Adventure; Category: American Literature,2000-11-01,en,auto-scored,1,g2392
391,1703,Dead Men Tell No Tales,E. W. Hornung,602,11,PR,Crime Fiction; Category: Adventure; Category: Novels,1999-04-01,en,auto-scored,1,g1703
392,2060,The History of Caliph Vathek,William Beckford,602,11,PR,"Fantasy; Gothic Fiction; Category: Science-Fiction & Fantasy; Category: Novels; Category: Mythology, Legends & Folklore; Category: Classics of Literature; Category: British Literature",2000-02-01,en,auto-scored,1,g2060
393,3674,"The Dragon and the Raven; Or, The Days of King Alfred",G. A. Henty,602,11,PR; PZ,Historical Fiction; Children's Fiction; Category: Historical Novels; Category: Adventure; Category: British Literature,2003-01-01,en,auto-scored,1,g3674
394,6936,Robinson Crusoe — in Words of One Syllable,Daniel Defoe,601,11,PR; PZ,Category: Children & Young Adult Reading; Category: Adventure; Category: Classics of Literature; Category: British Literature,2004-11-01,en,auto-scored,1,g6936
395,7031,The Sheik: A Novel,E. M. Hull,600,17,PR,"Bestsellers, American, 1895-1923; Category: Romance; Category: Adventure; Category: Novels; Category: British Literature",2004-12-01,en,auto-scored,1,g7031
396,43069,The Hundredth Chance,Ethel M. Dell,600,15,PR,"Bestsellers, American, 1895-1923; Category: Novels; Category: British Literature",2013-06-30,en,auto-scored,1,g43069
397,7614,Eugene Aram — Complete,Baron Edward Bulwer Lytton Lytton,600,11,PR,"Category: Crime, Thrillers and Mystery; Category: Novels; Category: British Literature",2004-11-22,en,auto-scored,1,g7614
398,2514,T. Tembarom,Frances Hodgson Burnett,599,15,PS,"Bestsellers, American, 1895-1923; Category: Novels; Category: British Literature",2001-02-01,en,auto-scored,1,g2514
399,3795,Under the Lilacs,Louisa May Alcott,599,11,PZ; PS,Children's Literature; Category: Children & Young Adult Reading; Category: Adventure; Category: Novels; Category: American Literature,2003-02-01,en,auto-scored,1,g3795
400,14605,The Devil's Garden,W. B. Maxwell,597,15,PR,"Bestsellers, American, 1895-1923; Category: Novels; Category: British Literature",2005-01-05,en,auto-scored,1,g14605
401,958,Rinkitink in Oz,L. Frank Baum,597,11,PZ,Fantasy; Category: Children & Young Adult Reading; Category: Science-Fiction & Fantasy; Category: Adventure,1997-06-01,en,auto-scored,1,g958
402,14669,Jaffery,William John Locke,596,15,PR,"Bestsellers, American, 1895-1923; Category: Novels; Category: British Literature",2005-01-11,en,auto-scored,1,g14669
403,911,Tales of the Fish Patrol,Jack London,595,11,PS,Category: Short Stories; Category: Adventure; Category: American Literature,1997-05-01,en,auto-scored,1,g911
404,950,"Tom Swift and His Electric Runabout; Or, The Speediest Car on the Road",Victor Appleton,595,11,PZ,Children's Book Series; Category: Children & Young Adult Reading; Category: Science-Fiction & Fantasy; Category: Adventure; Category: Novels; Category: American Literature,1997-06-01,en,auto-scored,1,g950
405,2841,The Ivory Child,H. Rider Haggard,595,11,PR,Adventure; Category: Adventure; Category: Novels; Category: British Literature,2006-03-31,en,auto-scored,1,g2841
406,14957,The Brimming Cup,Dorothy Canfield Fisher,594,15,PS,"Bestsellers, American, 1895-1923; Category: Romance; Category: Novels; Category: American Literature",2005-02-07,en,auto-scored,1,g14957
407,1748,Other People's Money,Emile Gaboriau,594,11,PQ,"Detective Fiction; Category: Crime, Thrillers and Mystery; Category: Novels; Category: French Literature",1999-05-01,en,auto-scored,1,g1748
408,25542,Black Oxen,Gertrude Franklin Horn Atherton,592,15,PS,"Bestsellers, American, 1895-1923; Category: Romance; Category: Novels; Category: American Literature",2008-05-20,en,auto-scored,1,g25542
409,14284,Truxton King: A Story of Graustark,George Barr McCutcheon,591,13,PS,"Bestsellers, American, 1895-1923; Category: Romance; Category: Adventure; Category: Novels",2004-12-07,en,auto-scored,1,g14284
410,7070,The Treasure of the Incas: A Story of Adventure in Peru,G. A. Henty,591,11,PZ,Children's Fiction; Category: Adventure; Category: Novels,2004-12-01,en,auto-scored,1,g7070
411,2348,The Disappearance of Lady Frances Carfax,Arthur Conan Doyle,590,11,PR,"Detective Fiction; Category: Crime, Thrillers and Mystery; Category: British Literature",2000-10-01,en,auto-scored,1,g2348
412,2019,The Bat,Stephen Vincent Benét,589,11,PS,"Category: Crime, Thrillers and Mystery; Category: Novels; Category: American Literature",2000-01-01,en,auto-scored,1,g2019
413,1603,The Blue Flower,Henry Van Dyke,587,15,PS,"Bestsellers, American, 1895-1923; Category: Short Stories; Category: Novels; Category: American Literature",1999-01-01,en,auto-scored,1,g1603
414,25570,The Manxman : a novel,Sir Hall Caine,587,15,PR,"Bestsellers, American, 1895-1923; Category: Romance; Category: Novels; Category: British Literature",2008-05-23,en,auto-scored,1,g25570
415,2607,"Psmith, Journalist",P. G. Wodehouse,586,11,PR,"Humor; Category: Crime, Thrillers and Mystery; Category: Humour; Category: Novels; Category: British Literature",2001-04-01,en,auto-scored,1,g2607
416,4382,The pit,Frank Norris,585,15,PS,"Bestsellers, American, 1895-1923; Category: Novels; Category: American Literature",2003-08-01,en,auto-scored,1,g4382
417,1625,The frozen deep,Wilkie Collins,584,11,PR,Category: Adventure; Category: Novels; Category: British Literature,1999-02-01,en,auto-scored,1,g1625
418,3413,The Blazed Trail,Stewart Edward White,584,11,PS,Category: Adventure; Category: Novels; Category: American Literature,2002-09-01,en,auto-scored,1,g3413
419,2059,The Little Shepherd of Kingdom Come,Jr. John Fox,582,17,PS,"US Civil War; Bestsellers, American, 1895-1923; Category: Historical Novels; Category: Adventure; Category: American Literature",2000-02-01,en,auto-scored,1,g2059
420,4071,"Monsieur Lecoq, v. 1",Emile Gaboriau,582,11,PQ,"Detective Fiction; Category: Crime, Thrillers and Mystery; Category: Novels; Category: French Literature",2006-04-13,en,auto-scored,1,g4071
421,17498,When Knighthood Was in Flower,Charles Major,581,15,PS,"Bestsellers, American, 1895-1923; Category: Historical Novels; Category: Romance; Category: British Literature",2006-01-13,en,auto-scored,1,g17498
422,1678,An Historical Mystery (The Gondreville Mystery),Honoré de Balzac,581,11,PQ,"Category: Historical Novels; Category: Crime, Thrillers and Mystery; Category: French Literature",2004-11-06,en,auto-scored,1,g1678
423,2035,Stories by English Authors: The Orient (Selected by Scribners),Various,581,11,PR,Short Stories; Category: Short Stories; Category: Adventure; Category: British Literature; Nobel Prizes in Literature,2006-03-26,en,auto-scored,1,g2035
424,13782,Lady Rose's Daughter,Mrs. Humphry Ward,580,15,PR,"Bestsellers, American, 1895-1923; Category: Novels; Category: British Literature",2004-10-18,en,auto-scored,1,g13782
425,1939,A Gentleman of France: Being the Memoirs of Gaston de Bonne Sieur de Marsac,Stanley John Weyman,580,11,PR,Historical Fiction; Category: Historical Novels; Category: Adventure; Category: Novels; Category: French Literature,1999-10-01,en,auto-scored,1,g1939
426,14961,Sentimental Tommy,J. M. Barrie,579,15,PR,"Bestsellers, American, 1895-1923; Category: Children & Young Adult Reading; Category: Novels; Category: British Literature",2005-02-07,en,auto-scored,1,g14961
427,1161,Jerry of the Islands,Jack London,579,11,PS,Category: Adventure; Category: Novels; Category: American Literature,1998-01-01,en,auto-scored,1,g1161
428,4097,Alice of Old Vincennes,Maurice Thompson,577,17,PS,"Bestsellers, American, 1895-1923; Category: Historical Novels; Category: Romance; Category: Adventure; Category: American Literature",2003-05-01,en,auto-scored,1,g4097
429,13937,The Mysterious Rider,Zane Grey,577,15,PS,"Western; Bestsellers, American, 1895-1923; Category: Romance; Category: Novels; Category: American Literature",2004-11-03,en,auto-scored,1,g13937
430,783,The Lost City,Jos. E. Badger,576,11,PZ,Category: Science-Fiction & Fantasy; Category: Adventure; Category: Novels,1997-01-01,en,auto-scored,1,g783
431,9779,The Black Bag,Louis Joseph Vance,574,13,PS,"Bestsellers, American, 1895-1923; Category: Adventure; Category: Novels",2006-01-01,en,auto-scored,1,g9779
432,2028,The Yellow Claw,Sax Rohmer,574,11,PR,"Crime Fiction; Category: Crime, Thrillers and Mystery; Category: Novels; Category: British Literature",2006-05-14,en,auto-scored,1,g2028
433,14697,Lewis Rand,Mary Johnston,573,15,PS,"Bestsellers, American, 1895-1923; Category: Historical Novels; Category: Novels; Category: American Literature",2005-01-15,en,auto-scored,1,g14697
434,1913,The Drums of Jeopardy,Harold MacGrath,573,11,PS,"Category: Crime, Thrillers and Mystery; Category: Novels; Category: American Literature",1999-10-01,en,auto-scored,1,g1913
435,2565,The Story of the Glittering Plain,William Morris,573,11,PR,Fantasy; Category: Science-Fiction & Fantasy; Category: Adventure; Category: Novels; Category: British Literature,2001-03-01,en,auto-scored,1,g2565
436,1550,A Lady of Quality,Frances Hodgson Burnett,572,15,PS,"Historical Fiction; Bestsellers, American, 1895-1923; Category: Novels; Category: British Literature",1998-12-01,en,auto-scored,1,g1550
437,4230,"Tom Swift and His Motor-Cycle; Or, Fun and Adventures on the Road",Victor Appleton,571,11,PZ; PS,Children's Book Series; Category: Children & Young Adult Reading; Category: Adventure; Category: Novels; Category: American Literature,2003-07-01,en,auto-scored,1,g4230
438,5122,The Trail of the Lonesome Pine,Jr. John Fox,569,15,PS,"Bestsellers, American, 1895-1923; Category: Novels; Category: American Literature",2004-02-01,en,auto-scored,1,g5122
439,14532,The Honorable Peter Stirling and What People Thought of Him,Paul Leicester Ford,569,15,PS,"Bestsellers, American, 1895-1923; Category: Romance; Category: Novels; Category: American Literature",2004-12-30,en,auto-scored,1,g14532
440,5972,A Fascinating Traitor: An Anglo-Indian Story,Richard Savage,569,11,PS,Category: Adventure; Category: Novels; Category: British Literature,2004-06-01,en,auto-scored,1,g5972
441,6229,"The Seats of the Mighty, Complete",Gilbert Parker,569,11,PS,"Bestsellers, American, 1895-1923; Category: Historical Novels; Category: Novels",2004-11-17,en,auto-scored,1,g6229
442,14852,The Younger Set,Robert W. Chambers,568,15,PS,"Bestsellers, American, 1895-1923; Category: Romance; Category: Novels; Category: American Literature",2005-02-01,en,auto-scored,1,g14852
443,850,Tom Grogan,Francis Hopkinson Smith,567,15,PS,"Bestsellers, American, 1895-1923; Category: Novels; Category: American Literature; Category: Gender & Sexuality Studies",1997-03-01,en,auto-scored,1,g850
444,5054,The Dream Doctor,Arthur B. Reeve,567,11,PS,"Category: Crime, Thrillers and Mystery; Category: Novels; Category: American Literature",2004-02-01,en,auto-scored,1,g5054
445,7492,The Fighting Chance,Robert W. Chambers,567,11,PS,"Bestsellers, American, 1895-1923; Category: Novels",2005-02-01,en,auto-scored,1,g7492
446,14303,Queed: A Novel,Henry Sydnor Harrison,565,15,PS,"Bestsellers, American, 1895-1923; Category: Novels; Category: American Literature",2004-12-08,en,auto-scored,1,g14303
447,30115,Tante,Anne Douglas Sedgwick,564,15,PR,"Bestsellers, American, 1895-1923; Category: Novels; Category: British Literature",2009-09-27,en,auto-scored,1,g30115
448,4387,Present at a Hanging and Other Ghost Stories,Ambrose Bierce,564,11,PS,"Category: Short Stories; Category: Crime, Thrillers and Mystery; Category: American Literature",2003-08-01,en,auto-scored,1,g4387
449,14571,Life and Gabriella: The Story of a Woman's Courage,Ellen Anderson Gholson Glasgow,563,15,PS,"Bestsellers, American, 1895-1923; Category: Novels; Category: American Literature",2005-01-03,en,auto-scored,1,g14571
450,3739,A Far Country — Complete,Winston Churchill,562,15,PS,"Bestsellers, American, 1895-1923; Category: Novels; Category: American Literature",2004-10-17,en,auto-scored,1,g3739
451,5364,The Inside of the Cup — Complete,Winston Churchill,562,15,PS,"Bestsellers, American, 1895-1923; Category: Novels; Category: American Literature",2004-10-17,en,auto-scored,1,g5364
452,3536,The Enchanted Castle,E. Nesbit,562,11,PZ,Children's Literature; Children's Fiction; Category: Children & Young Adult Reading; Category: Science-Fiction & Fantasy; Category: Adventure; Category: British Literature,2002-11-01,en,auto-scored,1,g3536
453,5311,Parnassus on Wheels,Christopher Morley,562,11,PS,Bibliomania; Category: Humour; Category: Adventure; Category: Novels; Category: American Literature,2004-03-01,en,auto-scored,1,g5311
454,10201,The Desert of Wheat,Zane Grey,560,15,PS,"Western; Bestsellers, American, 1895-1923; Category: Historical Novels; Category: Novels; Category: American Literature",2003-11-01,en,auto-scored,1,g10201
455,1163,Adventure,Jack London,560,11,PS,Category: Adventure; Category: Novels; Category: American Literature,1998-01-01,en,auto-scored,1,g1163
456,1099,The Riverman,Stewart Edward White,559,11,PS,Category: Adventure; Category: Novels; Category: American Literature,1997-11-01,en,auto-scored,1,g1099
457,6781,The Ghost-Seer; or the Apparitionist; and Sport of Destiny,Friedrich Schiller,559,11,PT,"Category: Crime, Thrillers and Mystery; Category: Novels; Category: German Literature",2004-12-08,en,auto-scored,1,g6781
458,324,A Knight of the Cumberland,Jr. John Fox,557,11,PS,Category: Adventure; Category: Novels; Category: American Literature,2008-07-09,en,auto-scored,1,g324
459,4074,Swallow: A Tale of the Great Trek,H. Rider Haggard,557,11,PR,Historical Fiction; Category: Historical Novels; Category: Adventure,2006-04-13,en,auto-scored,1,g4074
460,2358,The After House,Mary Roberts Rinehart,555,11,PS,"Category: Crime, Thrillers and Mystery; Category: Adventure; Category: Novels; Category: American Literature",2000-10-01,en,auto-scored,1,g2358
461,7831,When London Burned : a Story of Restoration Times and the Great Fire,G. A. Henty,555,11,PR; PZ,Children's Fiction; Category: Historical Novels; Category: Adventure; Category: British Literature,2005-04-01,en,auto-scored,1,g7831
462,4604,The Clique of Gold,Emile Gaboriau,553,11,PQ,"Detective Fiction; Category: Crime, Thrillers and Mystery; Category: Novels",2006-04-13,en,auto-scored,1,g4604
463,3659,The Rosary,Florence L. Barclay,552,15,PR,"Bestsellers, American, 1895-1923; Category: Romance; Category: Novels; Category: British Literature",2003-01-01,en,auto-scored,1,g3659
464,14145,If Winter Comes,A. S. M. Hutchinson,552,15,PR,"Bestsellers, American, 1895-1923; Category: Novels; Category: British Literature",2004-11-24,en,auto-scored,1,g14145
465,14730,The Redemption of David Corson,Charles Frederic Goss,552,15,PS,"Bestsellers, American, 1895-1923; Category: Novels; Category: American Literature",2005-01-19,en,auto-scored,1,g14730
466,2727,Allan's Wife,H. Rider Haggard,549,11,PR,Adventure; Movie Books; Category: Adventure; Category: Novels; Category: British Literature,2006-03-28,en,auto-scored,1,g2727
467,1098,The Turmoil: A Novel,Booth Tarkington,548,15,PS,"Bestsellers, American, 1895-1923; Category: Novels; Category: American Literature",1997-11-01,en,auto-scored,1,g1098
468,1869,The Man in Lower Ten,Mary Roberts Rinehart,547,17,PS,"Bestsellers, American, 1895-1923; Category: Crime, Thrillers and Mystery; Category: Novels; Category: American Literature",1999-08-01,en,auto-scored,1,g1869
469,4931,Won By the Sword : a tale of the Thirty Years' War,G. A. Henty,547,11,PR; PZ,Historical Fiction; Children's Fiction; Category: Historical Novels; Category: Adventure,2004-01-01,en,auto-scored,1,g4931
470,4932,A Knight of the White Cross: A Tale of the Siege of Rhodes,G. A. Henty,547,11,PR; PZ,Children's Fiction; Category: Historical Novels; Category: Adventure; Category: British Literature,2004-01-01,en,auto-scored,1,g4932
471,14813,The Life and Death of Richard Yea-and-Nay,Maurice Hewlett,546,15,PR,"Historical Fiction; Bestsellers, American, 1895-1923; Category: Historical Novels; Category: Novels; Category: British Literature",2005-01-26,en,auto-scored,1,g14813
472,21777,The Years Between,Rudyard Kipling,546,15,PR,"Bestsellers, American, 1895-1923; Category: Poetry; Category: British Literature; Nobel Prizes in Literature",2007-06-08,en,auto-scored,1,g21777
473,1239,The Spirit of the Border: A Romance of the Early Settlers in the Ohio Valley,Zane Grey,546,11,PS,Western; Category: Historical Novels; Category: Romance; Category: Adventure; Category: American Literature,1998-03-01,en,auto-scored,1,g1239
474,2861,The Sleuth of St. James's Square,Melville Davisson Post,546,11,PS,"Detective Fiction; Category: Crime, Thrillers and Mystery; Category: Novels",2001-10-01,en,auto-scored,1,g2861
475,6236,The Battle of the Strong: A Romance of Two Kingdoms — Complete,Gilbert Parker,545,13,PS,"Bestsellers, American, 1895-1923; Category: Historical Novels; Category: Adventure; Category: Novels",2004-11-17,en,auto-scored,1,g6236
476,714,The Bobbsey Twins in the Country,Laura Lee Hope,545,11,PZ,Children's Book Series; Category: Children & Young Adult Reading; Category: Adventure; Category: Novels; Category: American Literature,1996-11-01,en,auto-scored,1,g714
477,4796,"Jack Tier; Or, The Florida Reef",James Fenimore Cooper,545,11,PS,Category: Adventure; Category: Novels; Category: American Literature,2003-12-01,en,auto-scored,1,g4796
478,3684,Mr. Crewe's Career — Complete,Winston Churchill,543,15,PS,"Bestsellers, American, 1895-1923; Category: Novels; Category: American Literature",2004-10-16,en,auto-scored,1,g3684
479,1741,The White Moll,Frank L. Packard,543,11,PS,"Category: Crime, Thrillers and Mystery; Category: Novels; Category: American Literature",1999-05-01,en,auto-scored,1,g1741
480,1970,A Poor Wise Man,Mary Roberts Rinehart,542,15,PS,"Bestsellers, American, 1895-1923; Category: Novels; Category: American Literature",1999-11-01,en,auto-scored,1,g1970
481,14396,His Family,Ernest Poole,542,15,PS,"Bestsellers, American, 1895-1923; Category: Novels; Category: American Literature",2004-12-20,en,auto-scored,1,g14396
482,1976,Peter Ruff and the Double Four,E. Phillips Oppenheim,542,11,PR,"Category: Crime, Thrillers and Mystery; Category: Novels; Category: British Literature",1999-11-01,en,auto-scored,1,g1976
483,1590,The Amazing Interlude,Mary Roberts Rinehart,537,15,PS,"Contemporary Reviews; Bestsellers, American, 1895-1923; Category: Historical Novels; Category: Novels; Category: American Literature",1999-01-01,en,auto-scored,1,g1590
484,14068,Gordon Keith,Thomas Nelson Page,537,15,PS,"Bestsellers, American, 1895-1923; Category: Historical Novels; Category: Novels; Category: American Literature",2004-11-17,en,auto-scored,1,g14068
485,5735,The Valley of the Giants,Peter B. Kyne,536,11,PS,Category: Historical Novels; Category: Adventure; Category: Novels; Category: American Literature,2004-05-01,en,auto-scored,1,g5735
486,4516,Peter: A Novel of Which He is Not the Hero,Francis Hopkinson Smith,535,15,PS,"Bestsellers, American, 1895-1923; Category: Novels; Category: American Literature",2003-10-01,en,auto-scored,1,g4516
487,5382,A Modern Chronicle — Complete,Winston Churchill,535,15,PS,"Bestsellers, American, 1895-1923; Category: Novels; Category: American Literature",2004-10-19,en,auto-scored,1,g5382
488,3464,Tish,Mary Roberts Rinehart,534,11,PS,Category: Humour; Category: Adventure; Category: Novels; Category: American Literature,2005-02-16,en,auto-scored,1,g3464
489,1096,The Faith of Men,Jack London,533,11,PS,Category: Short Stories; Category: Adventure; Category: American Literature,1997-11-01,en,auto-scored,1,g1096
490,6249,The Right of Way — Complete,Gilbert Parker,533,11,PS,"Bestsellers, American, 1895-1923; Category: Novels",2004-11-18,en,auto-scored,1,g6249
491,4383,Maria Chapdelaine: A Tale of the Lake St. John Country,Louis Hémon,532,15,PQ,"Bestsellers, American, 1895-1923; Category: Novels; Category: French Literature",2003-08-01,en,auto-scored,1,g4383
492,6415,This Freedom,A. S. M. Hutchinson,532,15,PR,"Bestsellers, American, 1895-1923; Category: Novels; Category: British Literature; Category: Gender & Sexuality Studies",2004-09-01,en,auto-scored,1,g6415
493,5697,Tales of Chinatown,Sax Rohmer,532,11,PR,"Crime Fiction; Category: Short Stories; Category: Crime, Thrillers and Mystery; Category: British Literature",2004-05-01,en,auto-scored,1,g5697
494,7132,The Purple Land,W. H. Hudson,532,11,PR,Category: Adventure; Category: Novels; Category: British Literature,2004-12-01,en,auto-scored,1,g7132
495,1284,"Tom Swift and His Air Scout; Or, Uncle Sam's Mastery of the Sky",Victor Appleton,531,11,PZ,Children's Book Series; Category: Science-Fiction & Fantasy; Category: Adventure; Category: Novels; Category: American Literature,1998-04-01,en,auto-scored,1,g1284
496,12441,The House of a Thousand Candles,Meredith Nicholson,530,17,PS,"Bestsellers, American, 1895-1923; Category: Crime, Thrillers and Mystery; Category: Novels; Category: American Literature",2004-05-01,en,auto-scored,1,g12441
497,36355,The Salamander,Owen Johnson,530,15,PS,"Bestsellers, American, 1895-1923; Category: Novels; Category: American Literature",2011-06-08,en,auto-scored,1,g36355
498,403,Soldiers of Fortune,Richard Harding Davis,529,15,PS,"Bestsellers, American, 1895-1923; Category: Romance; Category: Novels; Category: American Literature",1996-01-01,en,auto-scored,1,g403
499,6485,"Hugh Wynne, Free Quaker",S. Weir Mitchell,528,15,PS,"Bestsellers, American, 1895-1923; Category: Historical Novels; Category: American Literature",2004-09-01,en,auto-scored,1,g6485
500,1159,Fire-Tongue,Sax Rohmer,527,11,PR,"Crime Fiction; Category: Crime, Thrillers and Mystery; Category: Novels; Category: British Literature",1998-01-01,en,auto-scored,1,g1159
501,4358,The Sea Fairies,L. Frank Baum,526,11,PZ,Children's Literature; Fantasy; Category: Children & Young Adult Reading; Category: Science-Fiction & Fantasy; Category: Adventure,2003-08-01,en,auto-scored,1,g4358
502,1033,Rose o' the River,Kate Douglas Smith Wiggin,525,17,PS,"Children's Literature; Bestsellers, American, 1895-1923; Category: Romance; Category: Adventure; Category: Novels; Category: American Literature",1997-09-01,en,auto-scored,1,g1033
503,14740,The Princess Passes,C. N. Williamson,525,17,PR,"Bestsellers, American, 1895-1923; Category: Romance; Category: Adventure; Category: Novels; Category: Travel Writing; Category: British Literature",2005-01-20,en,auto-scored,1,g14740
504,7196,"The Adventures of Tom Sawyer, Part 4.",Mark Twain,525,11,PS,Category: Adventure; Category: Novels; Category: American Literature,2004-06-29,en,auto-scored,1,g7196
505,33963,The Valiants of Virginia,Hallie Erminie Rives,524,15,PS,"Bestsellers, American, 1895-1923; Category: Novels; Category: American Literature",2010-09-29,en,auto-scored,1,g33963
506,1412,Masterman Ready,Frederick Marryat,524,11,PR; PZ,Category: Adventure; Category: Novels; Category: British Literature,1998-08-01,en,auto-scored,1,g1412
507,5257,The Broad Highway,Jeffery Farnol,523,17,PR,"Bestsellers, American, 1895-1923; Category: Romance; Category: Humour; Category: Adventure; Category: Novels; Category: British Literature",2004-03-01,en,auto-scored,1,g5257
508,2057,The Last of the Plainsmen,Zane Grey,523,11,PS,Western; Category: Adventure; Category: Novels; Category: American Literature,2000-02-01,en,auto-scored,1,g2057
509,5738,"Cappy Ricks; Or, the Subjugation of Matt Peasley",Peter B. Kyne,523,11,PS,Category: Adventure; Category: Novels; Category: American Literature,2004-05-01,en,auto-scored,1,g5738
510,1628,My Lady's Money,Wilkie Collins,522,11,PR,"Category: Crime, Thrillers and Mystery; Category: Novels; Category: British Literature",2006-03-22,en,auto-scored,1,g1628
511,1963,The Confession,Mary Roberts Rinehart,522,11,PS,"Category: Crime, Thrillers and Mystery; Category: Novels; Category: American Literature",1999-11-01,en,auto-scored,1,g1963
512,9879,The Amateur Gentleman,Jeffery Farnol,520,17,PR,"Bestsellers, American, 1895-1923; Category: Adventure; Category: Novels; Category: British Literature",2006-02-01,en,auto-scored,1,g9879
513,4684,The U. P. Trail,Zane Grey,519,17,PS,"Western; Bestsellers, American, 1895-1923; Category: Adventure; Category: Novels; Category: American Literature",2003-11-01,en,auto-scored,1,g4684
514,481,In the Bishop's Carriage,Miriam Michelson,519,15,PS,"Bestsellers, American, 1895-1923; Category: Romance; Category: Humour; Category: Novels; Category: American Literature",1996-04-01,en,auto-scored,1,g481
515,1465,The Wreck of the Golden Mary,Charles Dickens,518,11,PR,Category: Adventure; Category: Novels; Category: British Literature,1998-09-01,en,auto-scored,1,g1465
516,2066,Wildfire,Zane Grey,517,17,PS,"Western; Bestsellers, American, 1895-1923; Category: Adventure; Category: Novels; Category: American Literature",2000-02-01,en,auto-scored,1,g2066
517,4287,The Red Planet,William John Locke,517,15,PR,"Bestsellers, American, 1895-1923; Category: Historical Novels; Category: Novels; Category: British Literature",2003-07-01,en,auto-scored,1,g4287
518,1423,No Thoroughfare,Charles Dickens,517,11,PR,"Category: Crime, Thrillers and Mystery; Category: Novels; Category: British Literature",1998-08-01,en,auto-scored,1,g1423
519,39137,Shrewsbury: A Romance,Stanley John Weyman,515,15,PR,"Bestsellers, American, 1895-1923; Category: Historical Novels; Category: Romance; Category: Novels; Category: British Literature",2012-03-14,en,auto-scored,1,g39137
520,3030,The tavern knight,Rafael Sabatini,515,11,PR,Category: Historical Novels; Category: Adventure; Category: British Literature,2002-01-01,en,auto-scored,1,g3030
521,1814,The Agony Column,Earl Derr Biggers,511,11,PS,"Category: Romance; Category: Crime, Thrillers and Mystery; Category: Novels; Category: American Literature",1999-07-01,en,auto-scored,1,g1814
522,39984,Lord Loveland Discovers America,C. N. Williamson,507,15,PR,"Bestsellers, American, 1895-1923; Category: Romance; Category: Humour; Category: Novels; Category: British Literature",2012-06-13,en,auto-scored,1,g39984
523,5142,Graustark,George Barr McCutcheon,507,13,PS,"Bestsellers, American, 1895-1923; Category: Romance; Category: Adventure; Category: Novels",2004-02-01,en,auto-scored,1,g5142
524,1987,The Outlet,Andy Adams,507,11,PS,Western; Category: Historical Novels; Category: Adventure; Category: American Literature,1999-12-01,en,auto-scored,1,g1987
525,13985,V. V.'s Eyes,Henry Sydnor Harrison,505,15,PS,"Bestsellers, American, 1895-1923; Category: Novels; Category: American Literature",2004-11-08,en,auto-scored,1,g13985
526,954,"Tom Swift and His War Tank; Or, Doing His Bit for Uncle Sam",Victor Appleton,505,11,PZ,Children's Book Series; Category: Science-Fiction & Fantasy; Category: Adventure; Category: Novels,1997-06-01,en,auto-scored,1,g954
527,2713,"Maiwa's Revenge; Or, The War of the Little Hand",H. Rider Haggard,505,11,PR,Adventure; Category: Adventure; Category: Novels; Category: British Literature,2006-03-31,en,auto-scored,1,g2713
528,327,The Princess Aline,Richard Harding Davis,504,15,PS,"Bestsellers, American, 1895-1923; Category: Romance; Category: Novels; Category: British Literature",1995-09-01,en,auto-scored,1,g327
529,4379,The Fortunate Youth,William John Locke,503,15,PR,"Bestsellers, American, 1895-1923; Category: Novels; Category: British Literature",2003-08-01,en,auto-scored,1,g4379
530,13883,The Tree of Heaven,May Sinclair,503,15,PR,"Bestsellers, American, 1895-1923; Category: Novels; Category: British Literature; Category: Parenthood & Family Relations",2004-10-27,en,auto-scored,1,g13883
531,14395,Septimus,William John Locke,503,15,PR,"Bestsellers, American, 1895-1923; Category: Novels; Category: British Literature",2004-12-20,en,auto-scored,1,g14395
532,528,"Joe the Hotel Boy; Or, Winning out by Pluck",Jr. Horatio Alger,503,11,PZ; PS,Children's Fiction; Category: Adventure; Category: Novels; Category: American Literature,2006-03-18,en,auto-scored,1,g528
533,1390,"The Jimmyjohn Boss, and Other Stories",Owen Wister,501,11,PS,Western; Category: Short Stories; Category: Adventure; Category: American Literature,1998-07-01,en,auto-scored,1,g1390
534,3802,The Lerouge Case,Emile Gaboriau,501,11,PQ,"Detective Fiction; Category: Crime, Thrillers and Mystery; Category: Novels; Category: French Literature",2006-04-13,en,auto-scored,1,g3802
535,4282,Don Rodriguez; Chronicles of Shadow Valley,Lord Dunsany,501,11,PR,Fantasy; Category: Science-Fiction & Fantasy; Category: Adventure; Category: Novels,2003-07-01,en,auto-scored,1,g4282
536,4745,At the Villa Rose,A. E. W. Mason,501,11,PR,"Category: Crime, Thrillers and Mystery; Category: Novels; Category: British Literature",2003-12-01,en,auto-scored,1,g4745
537,6086,The Scottish Chiefs,Jane Porter,501,11,PR,Historical Fiction; Category: Historical Novels; Category: Adventure; Category: British Literature,2004-07-01,en,auto-scored,1,g6086
538,7779,Of Captain Mission,Daniel Defoe,501,11,PR,Category: Historical Novels; Category: Adventure; Category: British Literature,2005-03-01,en,auto-scored,1,g7779
539,9489,Michael O'Halloran,Gene Stratton-Porter,500,15,PS,"Bestsellers, American, 1895-1923; Category: Novels; Category: American Literature",2005-12-01,en,auto-scored,1,g9489
540,1281,"Tom Swift and His Aerial Warship; Or, The Naval Terror of the Seas",Victor Appleton,500,11,PZ,Children's Book Series; Category: Children & Young Adult Reading; Category: Science-Fiction & Fantasy; Category: Adventure; Category: Novels,1998-04-01,en,auto-scored,1,g1281
541,2688,The Clue of the Twisted Candle,Edgar Wallace,499,11,PR,"Detective Fiction; Category: Crime, Thrillers and Mystery; Category: Novels; Category: British Literature",2001-06-01,en,auto-scored,1,g2688
542,14367,When a man's a man,Harold Bell Wright,498,15,PS,"Bestsellers, American, 1895-1923; Category: Novels; Category: American Literature",2004-12-16,en,auto-scored,1,g14367
543,29932,The Harbor,Ernest Poole,498,15,PS,"Bestsellers, American, 1895-1923; Category: Novels; Category: American Literature",2009-09-09,en,auto-scored,1,g29932
544,753,Arizona nights,Stewart Edward White,498,11,PS,Category: Short Stories; Category: Adventure; Category: American Literature,1996-12-01,en,auto-scored,1,g753
545,952,"Tom Swift and His Air Glider; Or, Seeking the Platinum Treasure",Victor Appleton,496,11,PZ,Children's Book Series; Category: Children & Young Adult Reading; Category: Science-Fiction & Fantasy; Category: Adventure,1997-06-01,en,auto-scored,1,g952
546,1723,Cow-Country,B. M. Bower,496,11,PS,Western; Category: Adventure; Category: Novels; Category: American Literature,1999-04-01,en,auto-scored,1,g1723
547,6491,The Head of the House of Coombe,Frances Hodgson Burnett,495,15,PS,"Bestsellers, American, 1895-1923; Category: Novels; Category: British Literature",2004-09-01,en,auto-scored,1,g6491
548,3239,The Puppet Crown,Harold MacGrath,495,13,PS,"Bestsellers, American, 1895-1923; Category: Historical Novels; Category: Adventure; Category: Novels",2002-05-01,en,auto-scored,1,g3239
549,14219,The Helmet of Navarre,Bertha Runkle,494,17,PS,"Bestsellers, American, 1895-1923; Category: Historical Novels; Category: Adventure; Category: French Literature",2004-11-30,en,auto-scored,1,g14219
550,6073,"Smith and the Pharaohs, and other Tales",H. Rider Haggard,493,11,PR,"Category: Short Stories; Category: Adventure; Category: Mythology, Legends & Folklore; Category: British Literature",2006-04-22,en,auto-scored,1,g6073
551,1386,Lady Baltimore,Owen Wister,492,15,PS,"Bestsellers, American, 1895-1923; Category: Romance; Category: Novels; Category: American Literature",1998-07-01,en,auto-scored,1,g1386
552,7200,"The Adventures of Tom Sawyer, Part 8.",Mark Twain,491,11,PS,Category: Adventure; Category: Novels; Category: Classics of Literature; Category: American Literature,2004-06-30,en,auto-scored,1,g7200
553,7318,"The Bravest of the Brave — or, with Peterborough in Spain",G. A. Henty,491,11,PZ,Historical Fiction; Children's Fiction; Category: Historical Novels; Category: Adventure; Category: British Literature,2005-01-01,en,auto-scored,1,g7318
554,14671,Dorothy Vernon of Haddon Hall,Charles Major,490,15,PS,"Bestsellers, American, 1895-1923; Category: Historical Novels; Category: Novels; Category: British Literature",2005-01-11,en,auto-scored,1,g14671
555,1406,The Perils of Certain English Prisoners,Charles Dickens,490,11,PR,Category: Historical Novels; Category: Adventure; Category: Novels; Category: British Literature,1998-08-01,en,auto-scored,1,g1406
556,358,The Scarlet Car,Richard Harding Davis,487,11,PS,Category: Romance; Category: Adventure; Category: Novels; Category: American Literature,1995-11-01,en,auto-scored,1,g358
557,716,The Cruise of the Jasper B.,Don Marquis,487,11,PS,Category: Adventure; Category: Novels; Category: American Literature,1996-11-01,en,auto-scored,1,g716
558,6864,Average Jones,Samuel Hopkins Adams,487,11,PS,"Category: Crime, Thrillers and Mystery; Category: Novels; Category: American Literature",2004-11-01,en,auto-scored,1,g6864
559,2371,The Filigree Ball,Anna Katharine Green,484,11,PS,"Category: Crime, Thrillers and Mystery; Category: Novels; Category: American Literature",2000-10-01,en,auto-scored,1,g2371
560,1809,Bucky O'Connor: A Tale of the Unfenced Border,William MacLeod Raine,482,11,PS,Western; Category: Adventure; Category: Novels; Category: American Literature,1999-07-01,en,auto-scored,1,g1809
561,2324,A House to Let,Charles Dickens,482,11,PR,"Category: Short Stories; Category: Crime, Thrillers and Mystery; Category: British Literature",2000-09-01,en,auto-scored,1,g2324
562,2391,Bruce,Albert Payson Terhune,482,11,PZ,Animals-Domestic; Category: Children & Young Adult Reading; Category: Adventure; Category: Novels; Category: American Literature,2000-11-01,en,auto-scored,1,g2391
563,14001,The Mississippi Bubble,Emerson Hough,481,17,PS,"Bestsellers, American, 1895-1923; Category: Historical Novels; Category: Adventure; Category: Novels; Category: American Literature",2004-11-10,en,auto-scored,1,g14001
564,6353,The Prince of Graustark,George Barr McCutcheon,481,11,PS,"Bestsellers, American, 1895-1923; Category: Romance; Category: Humour; Category: Novels",2004-08-01,en,auto-scored,1,g6353
565,14885,Red Pottage,Mary Cholmondeley,480,15,PR,"Bestsellers, American, 1895-1923; Category: Novels; Category: British Literature",2005-02-02,en,auto-scored,1,g14885
566,2805,With Lee in Virginia: A Story of the American Civil War,G. A. Henty,480,11,PR; PZ,US Civil War; Historical Fiction; Children's Fiction; Category: Historical Novels; Category: Adventure; Category: Novels; Category: American Literature,2001-09-01,en,auto-scored,1,g2805
567,7197,"The Adventures of Tom Sawyer, Part 5.",Mark Twain,480,11,PS,Category: Adventure; Category: Novels; Category: American Literature,2004-06-30,en,auto-scored,1,g7197
568,3265,The Re-Creation of Brian Kent,Harold Bell Wright,479,15,PS,"Bestsellers, American, 1895-1923; Category: Novels; Category: American Literature",2006-06-03,en,auto-scored,1,g3265
569,18259,Gentle Julia,Booth Tarkington,478,15,PS,"Bestsellers, American, 1895-1923; Category: Romance; Category: Humour; Category: Novels; Category: American Literature",2006-04-26,en,auto-scored,1,g18259
570,1014,The Lure of the Dim Trails,B. M. Bower,478,11,PS,Western; Category: Adventure; Category: Novels; Category: American Literature,1997-08-01,en,auto-scored,1,g1014
571,1699,The Vanished Messenger,E. Phillips Oppenheim,477,11,PR,"Category: Crime, Thrillers and Mystery; Category: Novels; Category: British Literature",1999-04-01,en,auto-scored,1,g1699
572,2126,The Quest of the Sacred Slipper,Sax Rohmer,477,11,PR,"Crime Fiction; Category: Crime, Thrillers and Mystery; Category: Adventure; Category: Novels",2000-03-01,en,auto-scored,1,g2126
573,737,The Bobbsey Twins at School,Laura Lee Hope,476,11,PZ,Children's Book Series; Category: Children & Young Adult Reading; Category: Adventure; Category: Novels; Category: American Literature,1996-12-01,en,auto-scored,1,g737
574,538,Jean of the Lazy A,B. M. Bower,475,11,PS,"Western; Category: Crime, Thrillers and Mystery; Category: Novels; Category: American Literature",1996-05-01,en,auto-scored,1,g538
575,1314,The Malefactor,E. Phillips Oppenheim,475,11,PR,"Category: Crime, Thrillers and Mystery; Category: Novels; Category: British Literature",1998-05-01,en,auto-scored,1,g1314
576,1478,A Parody Outline of History,Donald Ogden Stewart,475,11,PN,"Category: Crime, Thrillers and Mystery; Category: Humour; Category: American Literature",1998-10-01,en,auto-scored,1,g1478
577,6437,The Splendid Spur,Arthur Quiller-Couch,474,11,PR,Historical Fiction; Category: Historical Novels; Category: Adventure; Category: British Literature,2004-09-01,en,auto-scored,1,g6437
578,1385,Lin McLean,Owen Wister,473,11,PS,Category: Adventure; Category: Novels; Category: American Literature,1998-07-01,en,auto-scored,1,g1385
579,4982,A Rock in the Baltic,Robert Barr,473,11,PS,Category: Romance; Category: Adventure; Category: Novels; Category: British Literature,2004-01-01,en,auto-scored,1,g4982
580,7229,"Rujub, the Juggler",G. A. Henty,473,11,PR; PZ,Children's Fiction; Category: Historical Novels; Category: Children & Young Adult Reading; Category: Adventure; Category: British Literature,2005-01-01,en,auto-scored,1,g7229
581,5006,Harriet and the Piper,Kathleen Thompson Norris,472,15,PS,"Bestsellers, American, 1895-1923; Category: Romance; Category: Novels; Category: American Literature",2004-02-01,en,auto-scored,1,g5006
582,4552,The Border Legion,Zane Grey,472,11,PS,Western; Category: Adventure; Category: Novels; Category: American Literature,2003-10-01,en,auto-scored,1,g4552
583,5110,The Adventures of Jerry Muskrat,Thornton W. Burgess,471,11,PZ,Children's Literature; Children's Book Series; Category: Children & Young Adult Reading; Category: Adventure,2004-02-01,en,auto-scored,1,g5110
584,7486,The Master of Silence: A Romance,Irving Bacheller,471,11,PS,Category: Romance; Category: Adventure; Category: Novels; Category: American Literature,2005-02-01,en,auto-scored,1,g7486
585,4790,Half a Rogue,Harold MacGrath,470,15,PS,"Bestsellers, American, 1895-1923; Category: Romance; Category: Novels; Category: American Literature",2003-12-01,en,auto-scored,1,g4790
586,4767,The Mayor's Wife,Anna Katharine Green,470,11,PS,"Category: Crime, Thrillers and Mystery; Category: Novels; Category: American Literature",2003-12-01,en,auto-scored,1,g4767
587,4994,"Five Thousand Miles Underground; Or, the Mystery of the Centre of the Earth",Roy Rockwood,470,11,PZ; PS,Science Fiction; Category: Science-Fiction & Fantasy; Category: Adventure; Category: Novels; Category: American Literature,2004-01-01,en,auto-scored,1,g4994
588,11572,The Man from Brodney's,George Barr McCutcheon,469,17,PS,"Bestsellers, American, 1895-1923; Category: Romance; Category: Adventure; Category: Novels; Category: American Literature",2004-03-01,en,auto-scored,1,g11572
589,8535,The Sisters-In-Law: A Novel of Our Time,Gertrude Franklin Horn Atherton,469,15,PS,"Bestsellers, American, 1895-1923; Category: Novels; Category: American Literature",2005-07-01,en,auto-scored,1,g8535
590,34297,Angela's Business,Henry Sydnor Harrison,469,15,PS,"Bestsellers, American, 1895-1923; Category: Novels; Category: American Literature; Category: Gender & Sexuality Studies",2010-11-12,en,auto-scored,1,g34297
591,5009,The Unspeakable Perk,Samuel Hopkins Adams,469,11,PS,Category: Romance; Category: Adventure; Category: Novels; Category: American Literature,2004-02-01,en,auto-scored,1,g5009
592,17237,A Man for the Ages: A Story of the Builders of Democracy,Irving Bacheller,468,17,PS,"Bestsellers, American, 1895-1923; Category: Historical Novels; Category: Adventure; Category: American Literature",2005-12-05,en,auto-scored,1,g17237
593,16101,Diane of the Green Van,Leona Dalrymple,467,17,PS,"Bestsellers, American, 1895-1923; Category: Romance; Category: Adventure; Category: Novels; Category: American Literature",2005-06-21,en,auto-scored,1,g16101
594,13532,Kindred of the Dust,Peter B. Kyne,467,15,PS,"Bestsellers, American, 1895-1923; Category: Novels; Category: American Literature",2004-09-26,en,auto-scored,1,g13532
595,2063,The Trail of the White Mule,B. M. Bower,467,11,PS,Western; Category: Adventure; Category: Novels; Category: American Literature,2000-02-01,en,auto-scored,1,g2063
596,3263,The Portygee,Joseph Crosby Lincoln,465,15,PS,"Bestsellers, American, 1895-1923; Category: Novels; Category: American Literature",2006-05-30,en,auto-scored,1,g3263
597,1614,The Golden Fleece: A Romance,Julian Hawthorne,465,11,PS,Category: Romance; Category: Adventure; Category: Novels; Category: American Literature,1999-01-01,en,auto-scored,1,g1614
598,2729,A Tale of Three Lions,H. Rider Haggard,465,11,PR,Category: Adventure; Category: Novels; Category: British Literature,2001-07-01,en,auto-scored,1,g2729
599,3785,In the Reign of Terror: The Adventures of a Westminster Boy,G. A. Henty,465,11,PR; PZ,Children's Fiction; Category: Historical Novels; Category: Adventure; Category: British Literature,2003-02-01,en,auto-scored,1,g3785
600,41822,Phroso: A Romance,Anthony Hope,464,17,PR,"Bestsellers, American, 1895-1923; Category: Romance; Category: Adventure; Category: Novels; Category: British Literature",2013-01-11,en,auto-scored,1,g41822
601,953,"Tom Swift and His Big Tunnel; Or, The Hidden City of the Andes",Victor Appleton,464,11,PZ,Children's Book Series; Category: Children & Young Adult Reading; Category: Science-Fiction & Fantasy; Category: Adventure; Category: Novels; Category: American Literature,1997-06-01,en,auto-scored,1,g953
602,617,Poems,Alan Seeger,463,15,PS,"Bestsellers, American, 1895-1923; Category: Poetry; Category: American Literature",1996-08-01,en,auto-scored,1,g617
603,1433,The Red Inn,Honoré de Balzac,463,11,PQ,"Category: Crime, Thrillers and Mystery; Category: Novels; Category: French Literature",2005-07-13,en,auto-scored,1,g1433
604,5087,The Treasure-Train,Arthur B. Reeve,463,11,PS,"Category: Crime, Thrillers and Mystery; Category: Novels; Category: American Literature",2004-02-01,en,auto-scored,1,g5087
605,6425,Flowing Gold,Rex Beach,463,11,PS,Movie Books; Category: Adventure; Category: Novels; Category: American Literature,2004-09-01,en,auto-scored,1,g6425
606,14079,Sandy,Alice Caldwell Hegan Rice,462,17,PS,"Bestsellers, American, 1895-1923; Category: Adventure; Category: Novels; Category: American Literature",2004-11-18,en,auto-scored,1,g14079
607,14645,Unleavened Bread,Robert Grant,462,15,PS,"Bestsellers, American, 1895-1923; Category: Novels; Category: American Literature",2005-01-10,en,auto-scored,1,g14645
608,7112,"Erema; Or, My Father's Sin",R. D. Blackmore,462,11,PR,Category: Adventure; Category: Novels; Category: British Literature,2006-06-06,en,auto-scored,1,g7112
609,20328,Simon Dale,Anthony Hope,461,15,PR,"Bestsellers, American, 1895-1923; Category: Historical Novels; Category: Novels; Category: British Literature",2007-01-10,en,auto-scored,1,g20328
610,1960,Sight Unseen,Mary Roberts Rinehart,461,11,PS,"Category: Crime, Thrillers and Mystery; Category: Novels; Category: American Literature",1999-11-01,en,auto-scored,1,g1960
611,16074,The Definite Object: A Romance of New York,Jeffery Farnol,460,15,PR,"Bestsellers, American, 1895-1923; Category: Romance; Category: Novels; Category: American Literature",2005-06-15,en,auto-scored,1,g16074
612,763,The Round-Up: A Romance of Arizona; Novelized from Edmund Day's Melodrama,John Murray,460,11,PS,Category: Romance; Category: Adventure; Category: Novels; Category: American Literature,1996-12-01,en,auto-scored,1,g763
613,1882,The Young Forester,Zane Grey,460,11,PS,Western; Category: Adventure; Category: Novels; Category: American Literature,1999-09-01,en,auto-scored,1,g1882
614,5988,"Old French Romances, Done into English",William Morris,460,11,PQ,"Fantasy; Category: Historical Novels; Category: Adventure; Category: Mythology, Legends & Folklore; Category: British Literature",2004-06-01,en,auto-scored,1,g5988
615,10509,The Bars of Iron,Ethel M. Dell,459,15,PR,"Bestsellers, American, 1895-1923; Category: Novels; Category: British Literature",2003-12-01,en,auto-scored,1,g10509
616,3288,The Sky Pilot in No Man's Land,Ralph Connor,459,13,PS,"Bestsellers, American, 1895-1923; Category: Adventure; Category: Novels",2006-06-03,en,auto-scored,1,g3288
617,4532,Tom Swift and His Photo Telephone or the Picture That Saved a Fortune,Victor Appleton,459,11,PZ; PS,Children's Book Series; Category: Science-Fiction & Fantasy; Category: Adventure; Category: Novels; Category: American Literature,2003-10-01,en,auto-scored,1,g4532
618,5073,The War Terror,Arthur B. Reeve,459,11,PS,"Category: Crime, Thrillers and Mystery; Category: Novels; Category: American Literature",2004-02-01,en,auto-scored,1,g5073
619,18056,The Tin Soldier,Temple Bailey,458,15,PS,"Bestsellers, American, 1895-1923; Category: Novels; Category: American Literature",2006-03-27,en,auto-scored,1,g18056
620,3249,The Major,Ralph Connor,457,15,PS,"Bestsellers, American, 1895-1923; Category: Novels; Category: British Literature",2006-05-30,en,auto-scored,1,g3249
621,10959,The Visits of Elizabeth,Elinor Glyn,457,15,PR,"Bestsellers, American, 1895-1923; Category: Humour; Category: Novels; Category: British Literature",2004-02-01,en,auto-scored,1,g10959
622,11715,The Eyes of the World,Harold Bell Wright,457,15,PS,"Bestsellers, American, 1895-1923; Category: Novels; Category: American Literature",2004-03-01,en,auto-scored,1,g11715
623,35093,The Road to Understanding,Eleanor H. Porter,457,15,PS,"Bestsellers, American, 1895-1923; Category: Romance; Category: Novels; Category: American Literature",2011-01-27,en,auto-scored,1,g35093
624,3242,The Doctor : A Tale of the Rockies,Ralph Connor,457,11,PS,"Bestsellers, American, 1895-1923; Category: Novels",2006-06-03,en,auto-scored,1,g3242
625,5121,Dark Hollow,Anna Katharine Green,457,11,PS,"Category: Crime, Thrillers and Mystery; Category: Novels; Category: American Literature",2004-02-01,en,auto-scored,1,g5121
626,5844,The Adventures of Johnny Chuck,Thornton W. Burgess,457,11,PZ,Children's Literature; Children's Book Series; Category: Children & Young Adult Reading; Category: Adventure,2004-06-01,en,auto-scored,1,g5844
627,2279,A Waif of the Plains,Bret Harte,456,11,PS,Category: Children & Young Adult Reading; Category: Adventure; Category: Novels; Category: American Literature,2006-05-14,en,auto-scored,1,g2279
628,6382,Bat Wing,Sax Rohmer,456,11,PR,"Crime Fiction; Category: Crime, Thrillers and Mystery; Category: Novels; Category: British Literature",2004-08-01,en,auto-scored,1,g6382
629,3746,The Judgment House,Gilbert Parker,455,11,PS,"Bestsellers, American, 1895-1923; Category: Novels",2003-02-01,en,auto-scored,1,g3746
630,2736,The Champdoce Mystery,Emile Gaboriau,454,11,PQ,"Detective Fiction; Category: Crime, Thrillers and Mystery; Category: Novels; Category: French Literature",2006-03-28,en,auto-scored,1,g2736
631,42362,"Caleb West, Master Diver",Francis Hopkinson Smith,453,17,PS,"Bestsellers, American, 1895-1923; Category: Adventure; Category: Novels; Category: American Literature",2013-03-18,en,auto-scored,1,g42362
632,6315,The Awakening of Helena Richie,Margaret Wade Campbell Deland,452,15,PS,"Bestsellers, American, 1895-1923; Category: Novels; Category: American Literature",2004-08-01,en,auto-scored,1,g6315
633,14646,Christopher and Columbus,Elizabeth Von Arnim,452,15,PR,"Bestsellers, American, 1895-1923; Category: Novels; Category: British Literature",2005-01-10,en,auto-scored,1,g14646
634,7506,"The Huge Hunter; Or, The Steam Man of the Prairies",Edward Sylvester Ellis,452,11,PS,Children's Fiction; Category: Science-Fiction & Fantasy; Category: Adventure; Category: Novels; Category: American Literature,2005-02-01,en,auto-scored,1,g7506
635,13454,Aylwin,Theodore Watts-Dunton,451,15,PR,"Bestsellers, American, 1895-1923; Category: Novels; Category: British Literature",2004-09-14,en,auto-scored,1,g13454
636,17617,David Harum,Edward Noyes Westcott,451,15,PS,"Bestsellers, American, 1895-1923; Category: Humour; Category: Novels; Category: American Literature",2006-01-28,en,auto-scored,1,g17617
637,1577,The Grey Room,Eden Phillpotts,450,11,PR,"Category: Crime, Thrillers and Mystery; Category: Novels; Category: British Literature",1998-12-01,en,auto-scored,1,g1577
638,2618,A House-Boat on the Styx,John Kendrick Bangs,449,11,PS,"Humor; Bestsellers, American, 1895-1923; Category: Humour; Category: Novels",2001-05-01,en,auto-scored,1,g2618
639,6655,Tom Slade : Boy Scout of the Moving Pictures,Percy Keese Fitzhugh,449,11,PZ,Children's Book Series; Category: Children & Young Adult Reading; Category: Adventure; Category: Novels; Category: American Literature,2004-10-01,en,auto-scored,1,g6655
640,1363,"Tom Swift Among the Fire Fighters; Or, Battling with Flames from the Air",Victor Appleton,448,11,PZ,Children's Book Series; Category: Children & Young Adult Reading; Category: Science-Fiction & Fantasy; Category: Adventure; Category: Novels; Category: American Literature,1998-06-01,en,auto-scored,1,g1363
641,4377,Mrs. Wiggs of the Cabbage Patch,Alice Caldwell Hegan Rice,446,15,PS,"Bestsellers, American, 1895-1923; Category: Humour; Category: Novels; Category: American Literature",2003-08-01,en,auto-scored,1,g4377
642,2728,Hunter Quatermain's Story,H. Rider Haggard,446,11,PR,Adventure; Movie Books; Category: Adventure; Category: Novels; Category: British Literature,2006-04-04,en,auto-scored,1,g2728
643,1671,When a Man Marries,Mary Roberts Rinehart,445,15,PS,"Bestsellers, American, 1895-1923; Category: Humour; Category: Novels; Category: American Literature",1999-03-01,en,auto-scored,1,g1671
644,7434,The Adventures of Joel Pepper,Margaret Sidney,445,11,PZ; PS,Children's Literature; Children's Book Series; Category: Children & Young Adult Reading; Category: Adventure; Category: Novels,2005-02-01,en,auto-scored,1,g7434
645,1274,"Martin Hyde, the Duke's Messenger",John Masefield,444,11,PR,Category: Historical Novels; Category: Adventure; Category: Novels; Category: British Literature,1998-04-01,en,auto-scored,1,g1274
646,1282,"Tom Swift Among the Diamond Makers; Or, The Secret of Phantom Mountain",Victor Appleton,444,11,PZ,Children's Book Series; Category: Children & Young Adult Reading; Category: Adventure; Category: Novels; Category: American Literature,1998-04-01,en,auto-scored,1,g1282
647,1442,The Kingdom of the Blind,E. Phillips Oppenheim,444,11,PR,"Category: Historical Novels; Category: Crime, Thrillers and Mystery; Category: Novels; Category: British Literature",1998-09-01,en,auto-scored,1,g1442
648,1851,The Woman in the Alcove,Anna Katharine Green,444,11,PS,"Category: Crime, Thrillers and Mystery; Category: Novels; Category: American Literature",1999-08-01,en,auto-scored,1,g1851
649,2180,In a Hollow of the Hills,Bret Harte,444,11,PS,Category: Adventure; Category: Novels; Category: American Literature,2000-05-01,en,auto-scored,1,g2180
650,1447,The Illustrious Prince,E. Phillips Oppenheim,443,11,PR,"Category: Crime, Thrillers and Mystery; Category: Novels; Category: British Literature",1998-09-01,en,auto-scored,1,g1447
651,4588,"The Allen House; Or, Twenty Years Ago and Now",T. S. Arthur,442,11,PS,"Category: Crime, Thrillers and Mystery; Category: Novels; Category: American Literature",2003-10-01,en,auto-scored,1,g4588
652,1651,The Mystery of Orcival,Emile Gaboriau,440,11,PQ,"Detective Fiction; Category: Crime, Thrillers and Mystery; Category: Novels; Category: French Literature",1999-02-01,en,auto-scored,1,g1651
653,6952,By Pike and Dyke: a Tale of the Rise of the Dutch Republic,G. A. Henty,440,11,PR; PZ,Historical Fiction; Children's Fiction; Category: Historical Novels; Category: Adventure,2004-11-01,en,auto-scored,1,g6952
654,7334,"With Buller in Natal, Or, a Born Leader",G. A. Henty,440,11,PR,Children's Fiction; Category: Historical Novels; Category: Adventure; Category: British Literature,2005-01-01,en,auto-scored,1,g7334
655,13813,The Common Law,Robert W. Chambers,439,15,PS,"Bestsellers, American, 1895-1923; Category: Novels; Category: American Literature",2004-10-20,en,auto-scored,1,g13813
656,5623,"The Young Explorer; Or, Claiming His Fortune",Jr. Horatio Alger,438,11,PZ; PS,Children's Fiction; Category: Children & Young Adult Reading; Category: Adventure; Category: Novels; Category: American Literature,2004-05-01,en,auto-scored,1,g5623
657,14355,54-40 or Fight,Emerson Hough,437,15,PS,"Bestsellers, American, 1895-1923; Category: Historical Novels; Category: American Literature",2004-12-15,en,auto-scored,1,g14355
658,3791,The Reign of Law; a tale of the Kentucky hemp fields,James Lane Allen,436,15,PS,"Bestsellers, American, 1895-1923; Category: Novels; Category: American Literature",2003-02-01,en,auto-scored,1,g3791
659,7346,Among Malay Pirates : a Tale of Adventure and Peril,G. A. Henty,436,11,PR; PZ,"Children's Fiction; Pirates, Buccaneers, Corsairs, etc.; Category: Historical Novels; Category: Adventure; Category: British Literature",2005-01-01,en,auto-scored,1,g7346
660,3715,The Parenticide Club,Ambrose Bierce,433,11,PS,"Category: Short Stories; Category: Crime, Thrillers and Mystery; Category: Humour; Category: American Literature",2003-02-01,en,auto-scored,1,g3715
661,5233,The Iron Trail,Rex Beach,433,11,PS,Movie Books; Category: Adventure; Category: Novels; Category: American Literature,2004-03-01,en,auto-scored,1,g5233
662,14581,The Just and the Unjust,Vaughan Kester,431,15,PS,"Bestsellers, American, 1895-1923; Category: Novels; Category: American Literature",2005-01-03,en,auto-scored,1,g14581
663,2041,The House of the Wolf: A Romance,Stanley John Weyman,431,11,PR,Historical Fiction; Category: Historical Novels; Category: Romance; Category: Adventure; Category: French Literature,2000-01-01,en,auto-scored,1,g2041
664,14263,Katrine: A Novel,Elinor Macartney Lane,430,15,PS,"Bestsellers, American, 1895-1923; Category: Romance; Category: Novels; Category: American Literature",2004-12-06,en,auto-scored,1,g14263
665,3429,St. George for England,G. A. Henty,429,11,PR; PZ,Historical Fiction; Children's Fiction; Category: Historical Novels; Category: Adventure; Category: British Literature,2002-09-01,en,auto-scored,1,g3429
666,29571,Nan of Music Mountain,Frank H. Spearman,428,17,PS,"Bestsellers, American, 1895-1923; Category: Adventure; Category: Novels; Category: American Literature",2009-08-02,en,auto-scored,1,g29571
667,34020,The Window at the White Cat,Mary Roberts Rinehart,427,17,PS,"Bestsellers, American, 1895-1923; Category: Crime, Thrillers and Mystery; Category: Novels; Category: American Literature",2010-10-02,en,auto-scored,1,g34020
668,1896,Under the red robe,Stanley John Weyman,427,11,PR,Historical Fiction; Category: Historical Novels; Category: Adventure,1999-09-01,en,auto-scored,1,g1896
669,2297,Snow-Bound at Eagle's,Bret Harte,425,11,PS,Category: Adventure; Category: Novels; Category: American Literature,2006-05-14,en,auto-scored,1,g2297
670,4608,"Tom Swift in Captivity, Or, A Daring Escape By Airship",Victor Appleton,425,11,PZ; PS,Children's Book Series; Category: Children & Young Adult Reading; Category: Science-Fiction & Fantasy; Category: Adventure; Category: Novels; Category: American Literature,2003-11-01,en,auto-scored,1,g4608
671,7198,"The Adventures of Tom Sawyer, Part 6.",Mark Twain,425,11,PS,Category: Adventure; Category: Novels; Category: Classics of Literature; Category: American Literature,2004-06-30,en,auto-scored,1,g7198
672,7788,Blindfolded,Earle Ashley Walcott,425,11,PS,"Category: Crime, Thrillers and Mystery; Category: Novels; Category: American Literature",2005-03-01,en,auto-scored,1,g7788
673,2544,From Sand Hill to Pine,Bret Harte,422,11,PS,"Category: Crime, Thrillers and Mystery; Category: Adventure; Category: Novels; Category: American Literature",2006-05-18,en,auto-scored,1,g2544
674,5828,In the Pecos Country,Edward Sylvester Ellis,422,11,PZ,Children's Fiction; Category: Historical Novels; Category: Adventure; Category: Novels; Category: American Literature,2004-06-01,en,auto-scored,1,g5828
675,6997,The Winning of Barbara Worth,Harold Bell Wright,421,17,PS,"Bestsellers, American, 1895-1923; Category: Historical Novels; Category: Adventure; Category: Novels; Category: American Literature",2004-11-01,en,auto-scored,1,g6997
676,6717,"Through Space to Mars; Or, the Longest Journey on Record",Roy Rockwood,421,11,PZ,Science Fiction; Category: Science-Fiction & Fantasy; Category: Adventure; Category: Novels,2004-10-01,en,auto-scored,1,g6717
677,3722,A Daughter of the Land,Gene Stratton-Porter,420,15,PZ; PS,"Bestsellers, American, 1895-1923; Category: Novels; Category: American Literature",2003-02-01,en,auto-scored,1,g3722
678,6094,The Scouts of Stonewall: The Story of the Great Valley Campaign,Joseph A. Altsheler,420,11,PZ,US Civil War; Children's Fiction; Category: Historical Novels; Category: Adventure; Category: American Literature,2004-07-01,en,auto-scored,1,g6094
679,5320,Taken Alive,Edward Payson Roe,419,11,PZ; PS,"US Civil War; Category: Romance; Category: Crime, Thrillers and Mystery; Category: Novels; Category: American Literature",2004-03-01,en,auto-scored,1,g5320
680,43726,The Days of Auld Lang Syne,Ian Maclaren,417,15,PR,"Bestsellers, American, 1895-1923; Category: Humour; Category: Novels; Category: British Literature",2013-09-15,en,auto-scored,1,g43726
681,5435,The Stillwater Tragedy,Thomas Bailey Aldrich,416,11,PS,"Category: Crime, Thrillers and Mystery; Category: Novels; Category: American Literature",2004-04-01,en,auto-scored,1,g5435
682,1803,Wyoming: A Story of the Outdoor West,William MacLeod Raine,415,11,PS,Category: Adventure; Category: Novels; Category: American Literature,1999-07-01,en,auto-scored,1,g1803
683,2883,The Gold Bag,Carolyn Wells,415,11,PS,"Category: Crime, Thrillers and Mystery; Category: Novels; Category: American Literature",2001-10-01,en,auto-scored,1,g2883
684,4993,A Texas Ranger,William MacLeod Raine,415,11,PS,"Category: Crime, Thrillers and Mystery; Category: Adventure; Category: Novels; Category: American Literature",2004-01-01,en,auto-scored,1,g4993
685,5308,The Paradise Mystery,J. S. Fletcher,414,11,PR,"Detective Fiction; Category: Crime, Thrillers and Mystery; Category: Novels; Category: British Literature",2004-03-01,en,auto-scored,1,g5308
686,6357,"Snowflakes and Sunbeams; Or, The Young Fur-traders: A Tale of the Far North",R. M. Ballantyne,414,11,PZ,Children's Fiction; Category: Children & Young Adult Reading; Category: Adventure; Category: Novels; Category: British Literature,2004-08-01,en,auto-scored,1,g6357
687,4082,The Barrier,Rex Beach,413,13,PS,"Western; Movie Books; Bestsellers, American, 1895-1923; Category: Adventure; Category: Novels",2003-05-01,en,auto-scored,1,g4082
688,5956,Gallegher and Other Stories,Richard Harding Davis,413,11,PS,"Category: Short Stories; Category: Crime, Thrillers and Mystery; Category: Humour; Category: American Literature",2004-06-01,en,auto-scored,1,g5956
689,7071,In Times of Peril: A Tale of India,G. A. Henty,413,11,PZ,Children's Fiction; Category: Historical Novels; Category: Adventure; Category: British Literature,2004-12-01,en,auto-scored,1,g7071
690,2384,The Deliverance: A Romance of the Virginia Tobacco Fields,Ellen Anderson Gholson Glasgow,411,15,PS,"Bestsellers, American, 1895-1923; Category: Historical Novels; Category: Novels; Category: American Literature",2000-11-01,en,auto-scored,1,g2384
691,20399,Kate Carnegie and Those Ministers,Ian Maclaren,411,15,PR,"Bestsellers, American, 1895-1923; Category: Novels; Category: British Literature",2007-01-19,en,auto-scored,1,g20399
692,6015,Captain Macklin: His Memoirs,Richard Harding Davis,411,11,PS,Category: Adventure; Category: Novels; Category: American Literature,2004-07-01,en,auto-scored,1,g6015
693,2767,The Devil's Paw,E. Phillips Oppenheim,410,11,PR,"Category: Crime, Thrillers and Mystery; Category: Novels; Category: British Literature",2001-08-01,en,auto-scored,1,g2767
694,6953,"By England's Aid; or, the Freeing of the Netherlands (1585-1604)",G. A. Henty,410,11,PR; PZ,Historical Fiction; Children's Fiction; Category: Historical Novels; Category: Adventure; Category: British Literature,2004-11-01,en,auto-scored,1,g6953
695,5129,The Prodigal Judge,Vaughan Kester,408,15,PS,"Bestsellers, American, 1895-1923; Category: Novels; Category: American Literature",2004-02-01,en,auto-scored,1,g5129
696,4915,The Heart of Rachael,Kathleen Thompson Norris,407,15,PS,"Bestsellers, American, 1895-1923; Category: Novels; Category: American Literature",2004-01-01,en,auto-scored,1,g4915
697,33490,The Gambler: A Novel,Katherine Cecil Thurston,407,15,PR,"Bestsellers, American, 1895-1923; Category: Novels; Category: British Literature",2010-08-22,en,auto-scored,1,g33490
698,3336,Within an Inch of His Life,Emile Gaboriau,407,11,PQ,"Detective Fiction; Category: Crime, Thrillers and Mystery; Category: Novels; Category: French Literature",2006-04-06,en,auto-scored,1,g3336
699,7199,"The Adventures of Tom Sawyer, Part 7.",Mark Twain,407,11,PS,Category: Humour; Category: Adventure; Category: Novels; Category: Classics of Literature; Category: American Literature,2004-06-30,en,auto-scored,1,g7199
700,13763,The Lamp in the Desert,Ethel M. Dell,406,15,PR,"Bestsellers, American, 1895-1923; Category: Romance; Category: Novels; Category: British Literature",2004-10-16,en,auto-scored,1,g13763
701,16632,Over Here,Edgar A. Guest,405,15,PS,"World War I; Bestsellers, American, 1895-1923; Category: Poetry; Category: American Literature; Category: History - Modern (1750+); Category: History - Warfare",2005-09-02,en,auto-scored,1,g16632
702,1829,Mae Madden,Mary Murdoch Mason,405,11,PS,Category: Romance; Category: Adventure; Category: Novels; Category: American Literature,2006-05-12,en,auto-scored,1,g1829
703,1908,Her Prairie Knight,B. M. Bower,405,11,PS,Western; Category: Romance; Category: Adventure; Category: Novels; Category: American Literature,1999-09-01,en,auto-scored,1,g1908
704,9410,Helen of the Old House,Harold Bell Wright,404,15,PS,"Bestsellers, American, 1895-1923; Category: Novels; Category: American Literature",2005-12-01,en,auto-scored,1,g9410
705,13967,Nedra,George Barr McCutcheon,403,15,PS,"Bestsellers, American, 1895-1923; Category: Romance; Category: Novels; Category: American Literature",2004-11-06,en,auto-scored,1,g13967
706,6801,Beverly of Graustark,George Barr McCutcheon,402,17,PS,"Bestsellers, American, 1895-1923; Category: Romance; Category: Adventure; Category: Novels; Category: American Literature",2004-11-01,en,auto-scored,1,g6801
707,7179,Beside the Bonnie Brier Bush,Ian Maclaren,401,15,PR,"Bestsellers, American, 1895-1923; Category: Novels; Category: British Literature",2004-12-01,en,auto-scored,1,g7179
708,4227,"Tom Swift and His Wireless Message; Or, The Castaways of Earthquake Island",Victor Appleton,401,11,PZ; PS,Children's Book Series; Category: Children & Young Adult Reading; Category: Adventure; Category: Novels; Category: American Literature,2003-07-01,en,auto-scored,1,g4227
709,5962,"Oh, Money! Money! A Novel",Eleanor H. Porter,400,15,PS,"Bestsellers, American, 1895-1923; Category: Novels; Category: American Literature",2004-06-01,en,auto-scored,1,g5962
710,6118,The Rose in the Ring,George Barr McCutcheon,400,11,PS,Category: Adventure; Category: Novels; Category: American Literature,2004-07-01,en,auto-scored,1,g6118
711,5172,Aladdin O'Brien,Gouverneur Morris,399,11,PS,Category: Children & Young Adult Reading; Category: Adventure; Category: Novels; Category: American Literature,2004-02-01,en,auto-scored,1,g5172
712,6458,"Air Service Boys in the Big Battle; Or, Silencing the Big Guns",Charles Amory Beach,399,11,PZ,Category: Historical Novels; Category: Children & Young Adult Reading; Category: Adventure; Category: Novels; Category: American Literature; Category: History - Warfare,2004-09-01,en,auto-scored,1,g6458
713,5076,The Spoilers,Rex Beach,398,17,PS,"Movie Books; Bestsellers, American, 1895-1923; Category: Adventure; Category: Novels; Category: American Literature",2004-02-01,en,auto-scored,1,g5076
714,6017,The Silver Horde,Rex Beach,398,17,PS,"Movie Books; Bestsellers, American, 1895-1923; Category: Adventure; Category: Novels; Category: American Literature",2004-07-01,en,auto-scored,1,g6017
715,5062,The Winds of Chance,Rex Beach,398,11,PS,Movie Books; Contemporary Reviews; Category: Historical Novels; Category: Adventure; Category: Novels; Category: American Literature,2004-02-01,en,auto-scored,1,g5062
716,7156,"The Prince and the Pauper, Part 3.",Mark Twain,398,11,PS,Historical Fiction; Category: Historical Novels; Category: Adventure; Category: Novels; Category: British Literature,2004-07-03,en,auto-scored,1,g7156
717,5747,Do and Dare — a Brave Boy's Fight for Fortune,Jr. Horatio Alger,397,11,PZ,Children's Fiction; Category: Historical Novels; Category: Children & Young Adult Reading; Category: Adventure; Category: Novels; Category: American Literature,2004-05-01,en,auto-scored,1,g5747
718,6115,The Long Chance,Peter B. Kyne,397,11,PS,Category: Adventure; Category: Novels; Category: American Literature,2004-07-01,en,auto-scored,1,g6115
719,6474,The Iron Woman,Margaret Wade Campbell Deland,396,15,PS,"Bestsellers, American, 1895-1923; Category: Novels; Category: American Literature",2004-09-01,en,auto-scored,1,g6474
720,14960,The silent places,Stewart Edward White,396,13,PS,"Bestsellers, American, 1895-1923; Category: Adventure; Category: Novels",2005-02-07,en,auto-scored,1,g14960
721,5791,Mrs. Peter Rabbit,Thornton W. Burgess,396,11,PZ,Children's Literature; Category: Children & Young Adult Reading; Category: Adventure; Category: Novels,2004-05-01,en,auto-scored,1,g5791
722,6846,My Lady of the North,Randall Parrish,394,11,PS,US Civil War; Category: Historical Novels; Category: Romance; Category: Adventure; Category: American Literature,2004-11-01,en,auto-scored,1,g6846
723,1807,The Lost House,Richard Harding Davis,393,11,PS,"Category: Crime, Thrillers and Mystery; Category: Novels; Category: American Literature",1999-07-01,en,auto-scored,1,g1807
724,18665,Molly Make-Believe,Eleanor Hallowell Abbott,392,15,PS,"Bestsellers, American, 1895-1923; Category: Romance; Category: Novels; Category: American Literature",2006-06-23,en,auto-scored,1,g18665
725,2029,Lahoma,J. Breckenridge Ellis,392,11,PS,Category: Adventure; Category: Novels; Category: American Literature,2000-01-01,en,auto-scored,1,g2029
726,3705,Happy Hawkins,Robert Alexander Wason,392,11,PS,Category: Humour; Category: Adventure; Category: Novels; Category: American Literature,2003-02-01,en,auto-scored,1,g3705
727,12190,The Adventures of Captain Horn,Frank R. Stockton,391,13,PS,"Bestsellers, American, 1895-1923; Category: Adventure; Category: Novels",2004-04-01,en,auto-scored,1,g12190
728,6141,Peck's Bad Boy with the Cowboys,George W. Peck,391,11,PZ,Children's Book Series; Category: Humour; Category: Adventure; Category: Novels; Category: American Literature,2004-07-01,en,auto-scored,1,g6141
729,14696,The Wheel of Life,Ellen Anderson Gholson Glasgow,390,15,PS,"Bestsellers, American, 1895-1923; Category: Novels; Category: American Literature",2005-01-15,en,auto-scored,1,g14696
730,5846,The Adventures of Poor Mrs. Quack,Thornton W. Burgess,389,11,PZ,Children's Literature; Children's Book Series; Category: Children & Young Adult Reading; Category: Adventure,2004-06-01,en,auto-scored,1,g5846
731,7006,Bonnie Prince Charlie : a Tale of Fontenoy and Culloden,G. A. Henty,389,11,PR; PZ,Children's Fiction; Category: Historical Novels; Category: Adventure; Category: British Literature,2004-12-01,en,auto-scored,1,g7006
732,8741,The Brass Bowl,Louis Joseph Vance,388,17,PS,"Bestsellers, American, 1895-1923; Category: Romance; Category: Crime, Thrillers and Mystery; Category: Adventure; Category: Novels; Category: American Literature",2005-08-01,en,auto-scored,1,g8741
733,5229,Felix O'Day,Francis Hopkinson Smith,388,15,PS,"Bestsellers, American, 1895-1923; Category: Novels; Category: American Literature",2004-03-01,en,auto-scored,1,g5229
734,5719,Janice Meredith: A Story of the American Revolution,Paul Leicester Ford,388,15,PS,"Bestsellers, American, 1895-1923; Category: Historical Novels; Category: Romance; Category: American Literature",2004-05-01,en,auto-scored,1,g5719
735,3428,The Two Vanrevels,Booth Tarkington,387,15,PS,"Bestsellers, American, 1895-1923; Category: Romance; Category: Novels; Category: American Literature",2002-09-01,en,auto-scored,1,g3428
736,1923,The Poisoned Pen,Arthur B. Reeve,387,11,PS,"Category: Crime, Thrillers and Mystery; Category: Novels; Category: American Literature",1999-10-01,en,auto-scored,1,g1923
737,4789,Black Caesar's Clan : A Florida Mystery Story,Albert Payson Terhune,387,11,PS,"Category: Romance; Category: Crime, Thrillers and Mystery; Category: Adventure; Category: Novels; Category: American Literature",2003-12-01,en,auto-scored,1,g4789
738,4985,"Ruth Fielding of the Red Mill; Or, Jasper Parloe's Secret",Alice B. Emerson,387,11,PZ,Children's Book Series; Category: Children & Young Adult Reading; Category: Adventure; Category: Novels; Category: American Literature,2004-01-01,en,auto-scored,1,g4985
739,6881,Note Book of an English Opium-Eater,Thomas De Quincey,387,11,PR,"Category: Crime, Thrillers and Mystery; Category: Essays, Letters & Speeches; Category: British Literature; Category: Philosophy & Ethics",2004-11-01,en,auto-scored,1,g6881
740,7478,"Toby Tyler; Or, Ten Weeks with a Circus",James Otis,387,11,PZ; PS,Category: Children & Young Adult Reading; Category: Adventure; Category: American Literature,2005-02-01,en,auto-scored,1,g7478
741,15817,The Melting of Molly,Maria Thompson Daviess,386,15,PS,"Bestsellers, American, 1895-1923; Category: Romance; Category: Humour; Category: Novels; Category: American Literature",2005-05-12,en,auto-scored,1,g15817
742,5748,In Secret,Robert W. Chambers,386,13,PS,"Bestsellers, American, 1895-1923; Category: Crime, Thrillers and Mystery; Category: Adventure; Category: Novels; Category: History - Modern (1750+)",2004-05-01,en,auto-scored,1,g5748
743,5150,The Ear in the Wall,Arthur B. Reeve,386,11,PS,"Category: Crime, Thrillers and Mystery; Category: Novels; Category: American Literature",2004-02-01,en,auto-scored,1,g5150
744,3710,An Unprotected Female at the Pyramids,Anthony Trollope,385,11,PR,Category: Adventure; Category: Novels; Category: British Literature; Category: Gender & Sexuality Studies,2003-02-01,en,auto-scored,1,g3710
745,4707,The Valley of Silent Men: A Story of the Three River Country,James Oliver Curwood,384,13,PS,"Bestsellers, American, 1895-1923; Category: Adventure; Category: Novels",2003-12-01,en,auto-scored,1,g4707
746,7510,Keith of the Border: A Tale of the Plains,Randall Parrish,384,11,PS,Category: Adventure; Category: Novels; Category: American Literature,2005-02-01,en,auto-scored,1,g7510
747,3634,The Guilty River,Wilkie Collins,383,11,PR,"Category: Crime, Thrillers and Mystery; Category: Novels; Category: British Literature",2003-01-01,en,auto-scored,1,g3634
748,6987,Five Little Peppers Abroad,Margaret Sidney,383,11,PZ; PS,Children's Literature; Children's Book Series; Category: Children & Young Adult Reading; Category: Adventure; Category: Novels,2004-11-01,en,auto-scored,1,g6987
749,4966,"Waverley; or, 'Tis sixty years since — Complete",Walter Scott,382,11,PR,Historical Fiction; Category: Historical Novels; Category: Adventure; Category: Classics of Literature; Category: British Literature,2004-01-01,en,auto-scored,1,g4966
750,5191,The Case of Summerfield,W. H. Rhodes,381,11,PS,"Category: Science-Fiction & Fantasy; Category: Crime, Thrillers and Mystery; Category: Novels",2004-02-01,en,auto-scored,1,g5191
751,7523,The Lady of the Decoration,Frances Little,380,15,PS,"Bestsellers, American, 1895-1923; Category: Novels; Category: American Literature",2005-02-01,en,auto-scored,1,g7523
752,5271,Marjorie's Vacation,Carolyn Wells,380,11,PZ; PS,Children's Book Series; Category: Children & Young Adult Reading; Category: Adventure; Category: Novels; Category: American Literature,2004-03-01,en,auto-scored,1,g5271
753,7059,Peregrine's Progress,Jeffery Farnol,380,11,PR,Category: Humour; Category: Adventure; Category: Novels; Category: British Literature,2004-12-01,en,auto-scored,1,g7059
754,1679,Hiram the Young Farmer,Burbank L. Todd,378,11,PZ,Category: Adventure; Category: Novels; Category: American Literature,1999-03-01,en,auto-scored,1,g1679
755,7765,Night Must Fall : a Play in Three Acts,Emlyn Williams,378,11,PR,"Category: Crime, Thrillers and Mystery; Category: Plays/Films/Dramas; Category: British Literature",2005-03-01,en,auto-scored,1,g7765
756,39689,Satan Sanderson,Hallie Erminie Rives,377,15,PS,"Bestsellers, American, 1895-1923; Category: Novels; Category: American Literature",2012-05-13,en,auto-scored,1,g39689
757,13913,The Port of Missing Men,Meredith Nicholson,376,13,PS,"Bestsellers, American, 1895-1923; Category: Crime, Thrillers and Mystery; Category: Adventure; Category: Novels",2004-11-01,en,auto-scored,1,g13913
758,7496,"Jack Ranger's Western Trip; Or, from Boarding School to Ranch and Range",Clarence Young,376,11,PZ; PS,Category: Children & Young Adult Reading; Category: Adventure; Category: Novels; Category: American Literature,2005-02-01,en,auto-scored,1,g7496
759,3169,The Pursuit of the House-Boat,John Kendrick Bangs,375,15,PS,"Humor; Bestsellers, American, 1895-1923; Category: Science-Fiction & Fantasy; Category: Humour; Category: Novels",2002-04-01,en,auto-scored,1,g3169
760,14682,My Friend Prospero,Henry Harland,374,15,PS,"Bestsellers, American, 1895-1923; Category: Novels; Category: British Literature",2005-01-13,en,auto-scored,1,g14682
761,5315,Told in the East,Talbot Mundy,374,11,PR,Adventure; Category: Historical Novels; Category: Novels; Category: British Literature,2004-03-01,en,auto-scored,1,g5315
762,7159,"The Prince and the Pauper, Part 6.",Mark Twain,374,11,PS,Historical Fiction; Category: Adventure; Category: Novels; Category: British Literature,2004-07-04,en,auto-scored,1,g7159
763,7162,"The Prince and the Pauper, Part 9.",Mark Twain,373,11,PS,Historical Fiction; Category: Historical Novels; Category: Adventure; Category: Novels; Category: British Literature,2004-07-04,en,auto-scored,1,g7162
764,9836,The Pawns Count,E. Phillips Oppenheim,371,17,PR,"Bestsellers, American, 1895-1923; Category: Crime, Thrillers and Mystery; Category: Novels; Category: British Literature",2006-02-01,en,auto-scored,1,g9836
765,2730,Long Odds,H. Rider Haggard,370,11,PR,Category: Adventure; Category: Novels; Category: British Literature,2006-03-31,en,auto-scored,1,g2730
766,5961,Samuel the Seeker,Upton Sinclair,368,11,PS,Category: Adventure; Category: Novels; Category: American Literature,2004-06-01,en,auto-scored,1,g5961
767,2471,The Crusade of the Excelsior,Bret Harte,367,11,PS,Category: Adventure; Category: Novels; Category: American Literature,2006-05-17,en,auto-scored,1,g2471
768,4353,Five Thousand an Hour: How Johnny Gamble Won the Heiress,George Randolph Chester,367,11,PS,Category: Romance; Category: Humour; Category: Adventure; Category: Novels; Category: American Literature,2003-08-01,en,auto-scored,1,g4353
769,2316,The Choir Invisible,James Lane Allen,366,15,PS,"Bestsellers, American, 1895-1923; Category: Historical Novels; Category: Novels; Category: American Literature",2000-09-01,en,auto-scored,1,g2316
770,4912,Wacousta : a tale of the Pontiac conspiracy (Complete),Major Richardson,366,11,PS,Canada; Category: Historical Novels; Category: Adventure; Category: British Literature,2004-01-01,en,auto-scored,1,g4912
771,1596,Smoke Bellew,Jack London,364,11,PS,Category: Adventure; Category: Novels; Category: American Literature,1999-01-01,en,auto-scored,1,g1596
772,5901,"Dyke Darrel the Railroad Detective; Or, The Crime of the Midnight Express",A. Frank Pinkerton,364,11,PZ; PS,"Category: Crime, Thrillers and Mystery; Category: Novels; Category: American Literature",2004-06-01,en,auto-scored,1,g5901
773,6805,The Mill Mystery,Anna Katharine Green,364,11,PS,"Category: Crime, Thrillers and Mystery; Category: Novels; Category: American Literature",2004-11-01,en,auto-scored,1,g6805
774,5422,The Masquerader,Katherine Cecil Thurston,363,15,PR,"Bestsellers, American, 1895-1923; Category: Novels; Category: British Literature",2004-04-01,en,auto-scored,1,g5422
775,6008,The Midnight Passenger : A Novel,Richard Savage,363,11,PS,"Category: Romance; Category: Crime, Thrillers and Mystery; Category: Novels; Category: American Literature",2004-07-01,en,auto-scored,1,g6008
776,6379,The Net,Rex Beach,361,13,PS,"Movie Books; Bestsellers, American, 1895-1923; Category: Adventure; Category: Novels",2004-08-01,en,auto-scored,1,g6379
777,2793,Flip: A California Romance,Bret Harte,361,11,PS,Category: Romance; Category: Adventure; Category: Novels; Category: American Literature,2006-03-27,en,auto-scored,1,g2793
778,6906,The Lost Trail,Edward Sylvester Ellis,361,11,PS,Children's Fiction; Category: Adventure; Category: Novels; Category: American Literature,2004-11-01,en,auto-scored,1,g6906
779,1907,Rowdy of the Cross L,B. M. Bower,360,11,PS,Western; Category: Adventure; Category: Novels; Category: American Literature,1999-09-01,en,auto-scored,1,g1907
780,42797,The Worn Doorstep,Margaret Pollock Sherwood,357,15,PS,"Bestsellers, American, 1895-1923; Category: Historical Novels; Category: Novels; Category: British Literature",2013-05-24,en,auto-scored,1,g42797
781,5971,Jane Cable,George Barr McCutcheon,356,15,PS,"Bestsellers, American, 1895-1923; Category: Romance; Category: Novels; Category: American Literature",2004-06-01,en,auto-scored,1,g5971
782,3046,The Land of the Changing Sun,Will N. Harben,356,11,PS,Category: Science-Fiction & Fantasy; Category: Adventure; Category: Novels; Category: American Literature,2002-01-01,en,auto-scored,1,g3046
783,3706,The Valiant Runaways,Gertrude Franklin Horn Atherton,356,11,PS,Category: Adventure; Category: Novels; Category: American Literature,2003-02-01,en,auto-scored,1,g3706
784,5703,The Lord of Death and the Queen of Life,Homer Eon Flint,356,11,PS,Science Fiction; Category: Science-Fiction & Fantasy; Category: Adventure,2004-05-01,en,auto-scored,1,g5703
785,4995,"True to Himself; Or, Roger Strong's Struggle for Place",Edward Stratemeyer,355,11,PZ; PS,Category: Children & Young Adult Reading; Category: Adventure; Category: Novels; Category: American Literature,2004-01-01,en,auto-scored,1,g4995
786,5003,"The Rover Boys in New York; Or, Saving Their Father's Honor",Edward Stratemeyer,353,11,PZ; PS,Children's Book Series; Category: Children & Young Adult Reading; Category: Adventure; Category: Novels; Category: American Literature,2004-02-01,en,auto-scored,1,g5003
787,7465,Richard of Jamestown : a Story of the Virginia Colony,James Otis,353,11,PZ; PS,Category: Historical Novels; Category: Children & Young Adult Reading; Category: Adventure; Category: American Literature,2005-02-01,en,auto-scored,1,g7465
788,6037,The One Woman: A Story of Modern Utopia,Jr. Thomas Dixon,352,15,PS,"Bestsellers, American, 1895-1923; Category: Novels; Category: American Literature",2004-07-01,en,auto-scored,1,g6037
789,6488,Going Some,Rex Beach,352,11,PS,Western; Movie Books; Category: Romance; Category: Adventure; Category: Novels; Category: American Literature,2004-09-01,en,auto-scored,1,g6488
790,5874,Dawn,Eleanor H. Porter,351,11,PZ,"Bestsellers, American, 1895-1923; Category: Novels",2004-06-01,en,auto-scored,1,g5874
791,6210,"The Trail of the Sword, Complete",Gilbert Parker,350,11,PS,Category: Historical Novels; Category: Romance; Category: Adventure; Category: British Literature,2004-11-16,en,auto-scored,1,g6210
792,5643,Ranson's Folly,Richard Harding Davis,349,11,PS,Category: Romance; Category: Adventure; Category: Novels; Category: American Literature,2004-05-01,en,auto-scored,1,g5643
793,13497,Greatheart,Ethel M. Dell,348,15,PR,"Bestsellers, American, 1895-1923; Category: Romance; Category: Novels; Category: British Literature",2004-09-18,en,auto-scored,1,g13497
794,6159,Vicky Van,Carolyn Wells,348,11,PS,"Category: Crime, Thrillers and Mystery; Category: Novels; Category: American Literature",2004-07-01,en,auto-scored,1,g6159
795,11143,Mary Marie,Eleanor H. Porter,347,15,PS,"Bestsellers, American, 1895-1923; Category: Children & Young Adult Reading; Category: Novels; Category: American Literature",2004-02-01,en,auto-scored,1,g11143
796,7369,Jim Davis,John Masefield,347,11,PZ,Category: Adventure; Category: Novels; Category: British Literature,2005-01-01,en,auto-scored,1,g7369
797,4393,Wakulla: a story of adventure in Florida,Kirk Munroe,346,11,PZ; PS,Category: Adventure; Category: Novels; Category: American Literature,2003-08-01,en,auto-scored,1,g4393
798,6426,"Dick Prescott's First Year at West Point; Or, Two Chums in the Cadet Gray",H. Irving Hancock,346,11,PZ,Category: Children & Young Adult Reading; Category: Adventure; Category: Novels; Category: American Literature,2004-11-14,en,auto-scored,1,g6426
799,1806,The Frame Up,Richard Harding Davis,345,11,PS,"Category: Crime, Thrillers and Mystery; Category: Novels; Category: American Literature",1999-07-01,en,auto-scored,1,g1806
800,6461,Facing the World,Jr. Horatio Alger,345,11,PZ,Children's Fiction; Category: Adventure; Category: Novels; Category: American Literature,2004-09-01,en,auto-scored,1,g6461
801,7799,An American Robinson Crusoe,Daniel Defoe,344,11,PZ,Category: Children & Young Adult Reading; Category: Adventure; Category: Novels; Category: American Literature,2005-02-01,en,auto-scored,1,g7799
802,4987,"The Outdoor Girls at Rainbow Lake; Or, The Stirring Cruise of the Motor Boat Gem",Laura Lee Hope,343,11,PZ; PS,Children's Book Series; Category: Children & Young Adult Reading; Category: Adventure; Category: Novels; Category: American Literature,2004-01-01,en,auto-scored,1,g4987
803,6714,"Dave Dashaway and His Hydroplane; Or, Daring Adventures over the Great Lake",Roy Rockwood,343,11,PS,Science Fiction; Category: Adventure; Category: Novels,2004-10-01,en,auto-scored,1,g6714
804,6105,Their Yesterdays,Harold Bell Wright,342,15,PS,"Bestsellers, American, 1895-1923; Category: Novels; Category: American Literature; Category: Philosophy & Ethics",2004-07-01,en,auto-scored,1,g6105
805,5705,"The Queen of Sheba, and My Cousin the Colonel",Thomas Bailey Aldrich,342,11,PS,Category: Adventure; Category: Novels; Category: American Literature,2004-05-01,en,auto-scored,1,g5705
806,12482,The Mettle of the Pasture,James Lane Allen,341,15,PS,"Bestsellers, American, 1895-1923; Category: Novels; Category: American Literature",2004-06-01,en,auto-scored,1,g12482
807,6901,The Happy Adventurers,Lydia Miller Middleton,341,11,PR,Category: Children & Young Adult Reading; Category: Science-Fiction & Fantasy; Category: Adventure; Category: Novels,2004-11-01,en,auto-scored,1,g6901
808,6433,"On the Trail of Pontiac; Or, The Pioneer Boys of the Ohio",Edward Stratemeyer,340,11,PZ,Category: Historical Novels; Category: Children & Young Adult Reading; Category: Adventure; Category: American Literature,2004-09-01,en,auto-scored,1,g6433
809,6897,The Little Savage,Frederick Marryat,339,11,PZ,Category: Adventure; Category: Novels; Category: British Literature,2004-11-01,en,auto-scored,1,g6897
810,6436,Castle Nowhere,Constance Fenimore Woolson,336,11,PS,Category: Adventure; Category: Novels; Category: American Literature,2004-09-01,en,auto-scored,1,g6436
811,1824,Peace Manoeuvres,Richard Harding Davis,333,11,PS,Category: Romance; Category: Humour; Category: Adventure; Category: Novels; Category: American Literature,2006-05-12,en,auto-scored,1,g1824
812,5064,The Voyage of the Hoppergrass,Edmund Lester Pearson,333,11,PZ; PS,Category: Children & Young Adult Reading; Category: Humour; Category: Adventure; Category: Novels; Category: American Literature,2004-02-01,en,auto-scored,1,g5064
813,12440,D'Ri and I: A Tale of Daring Deeds in the Second War with the British.,Irving Bacheller,332,17,PS,"Bestsellers, American, 1895-1923; Category: Historical Novels; Category: Adventure; Category: American Literature",2004-05-01,en,auto-scored,1,g12440
814,2138,The Day's Work - Part 1,Rudyard Kipling,332,15,PR,"Bestsellers, American, 1895-1923; Category: Short Stories; Category: British Literature; Nobel Prizes in Literature",2000-04-01,en,auto-scored,1,g2138
815,9441,Helbeck of Bannisdale — Volume I,Mrs. Humphry Ward,332,15,PR,"Bestsellers, American, 1895-1923; Category: Novels; Category: British Literature",2005-12-01,en,auto-scored,1,g9441
816,5893,Two Little Women on a Holiday,Carolyn Wells,331,11,PZ,Children's Book Series; Category: Children & Young Adult Reading; Category: Adventure; Category: Novels; Category: American Literature,2004-06-01,en,auto-scored,1,g5893
817,1757,The Cruise of the Dolphin,Thomas Bailey Aldrich,330,11,PS,Category: Children & Young Adult Reading; Category: Adventure; Category: Novels; Category: American Literature,1999-05-01,en,auto-scored,1,g1757
818,28877,Penelope's Progress,Kate Douglas Smith Wiggin,329,17,PS,"Bestsellers, American, 1895-1923; Category: Humour; Category: Adventure; Category: Novels; Category: British Literature",2009-05-19,en,auto-scored,1,g28877
819,5875,"The Rover Boys on the Ocean; Or, A chase for a fortune",Edward Stratemeyer,328,11,PZ,Children's Book Series; Category: Children & Young Adult Reading; Category: Adventure; Category: Novels; Category: American Literature,2004-06-01,en,auto-scored,1,g5875
820,6165,"Cowboy Dave; Or, The Round-up at Rolling River",Frank V. Webster,328,11,PZ,Category: Adventure; Category: Novels; Category: American Literature,2004-07-01,en,auto-scored,1,g6165
821,14579,Simon Called Peter,Robert Keable,326,15,PR,"Bestsellers, American, 1895-1923; Category: Novels; Category: British Literature",2005-01-03,en,auto-scored,1,g14579
822,4747,The River's End,James Oliver Curwood,324,13,PS,"Canada; Bestsellers, American, 1895-1923; Category: Adventure; Category: Novels",2003-12-01,en,auto-scored,1,g4747
823,4941,"The House Boat Boys; Or, Drifting Down to the Sunny South",St. George Rathborne,324,11,PZ; PS,Category: Children & Young Adult Reading; Category: Adventure; Category: Novels; Category: American Literature,2004-01-01,en,auto-scored,1,g4941
824,4990,The Adventures of a Boy Reporter,Harry Steele Morrison,324,11,PZ,Category: Children & Young Adult Reading; Category: Adventure; Category: Novels; Category: American Literature,2004-01-01,en,auto-scored,1,g4990
825,5970,Lovey Mary,Alice Caldwell Hegan Rice,323,15,PS,"Bestsellers, American, 1895-1923; Category: Children & Young Adult Reading; Category: Novels; Category: American Literature",2004-06-01,en,auto-scored,1,g5970
826,5834,Bimbi: Stories for Children,Ouida,319,11,PZ,Children's Literature; Category: Short Stories; Category: Children & Young Adult Reading; Category: Adventure,2004-06-01,en,auto-scored,1,g5834
827,6041,Stories by English Authors: The Sea,Various,319,11,PR,Category: Short Stories; Category: Adventure; Category: British Literature,2004-07-01,en,auto-scored,1,g6041
828,6468,"On a Torn-Away World; Or, the Captives of the Great Earthquake",Roy Rockwood,318,11,PZ,Science Fiction; Category: Science-Fiction & Fantasy; Category: Adventure; Category: Novels,2004-09-01,en,auto-scored,1,g6468
829,6751,The Winds of the World,Talbot Mundy,318,11,PR,Adventure; Category: Historical Novels; Category: Adventure; Category: Novels; Category: British Literature,2004-10-01,en,auto-scored,1,g6751
830,7776,The Call of the Cumberlands,Charles Neville Buck,318,11,PS,Category: Adventure; Category: Novels; Category: American Literature,2005-03-01,en,auto-scored,1,g7776
831,7473,"Lost on the Moon; Or, in Quest of the Field of Diamonds",Roy Rockwood,316,11,PZ; PS,Science Fiction; Category: Science-Fiction & Fantasy; Category: Adventure,2005-02-01,en,auto-scored,1,g7473
832,2325,The Iceberg Express,David Cory,314,11,PZ; PS,Category: Children & Young Adult Reading; Category: Science-Fiction & Fantasy; Category: Adventure,2000-09-01,en,auto-scored,1,g2325
833,5871,Green Fancy,George Barr McCutcheon,314,11,PS,"Category: Romance; Category: Crime, Thrillers and Mystery; Category: Novels; Category: American Literature",2004-06-01,en,auto-scored,1,g5871
834,2789,The Motor Girls on a Tour,Margaret Penrose,312,11,PZ; PS,Children's Book Series; Category: Children & Young Adult Reading; Category: Adventure; Category: Novels; Category: American Literature,2001-08-01,en,auto-scored,1,g2789
835,2493,The Adventures of Paddy the Beaver,Thornton W. Burgess,311,11,PZ; PS,Children's Literature; Category: Children & Young Adult Reading; Category: Adventure; Category: Novels,2001-02-01,en,auto-scored,1,g2493
836,3025,A Mountain Europa,Jr. John Fox,306,11,PS,Category: Romance; Category: Adventure; Category: Novels; Category: American Literature,2002-01-01,en,auto-scored,1,g3025
837,6030,The Iron Star — And What It Saw on Its Journey Through the Ages,John Preston True,306,11,PZ,Category: Historical Novels; Category: Children & Young Adult Reading; Category: Science-Fiction & Fantasy; Category: Adventure,2004-07-01,en,auto-scored,1,g6030
838,6140,Army Boys on German Soil: Our Doughboys Quelling the Mobs,Homer Randall,305,11,PZ,World War I; Category: Historical Novels; Category: Adventure; Category: American Literature,2004-07-01,en,auto-scored,1,g6140
839,3713,Aaron Trow,Anthony Trollope,304,11,PR,"Category: Crime, Thrillers and Mystery; Category: Novels; Category: British Literature",2003-02-01,en,auto-scored,1,g3713
840,5743,The Evil Shepherd,E. Phillips Oppenheim,303,11,PR,"Category: Crime, Thrillers and Mystery; Category: Novels; Category: British Literature",2004-05-01,en,auto-scored,1,g5743
841,2794,Found at Blazing Star,Bret Harte,302,11,PS,Category: Romance; Category: Adventure; Category: Novels; Category: American Literature,2006-03-27,en,auto-scored,1,g2794
842,1823,The Make-Believe Man,Richard Harding Davis,301,11,PS,Category: Humour; Category: Adventure; Category: Novels; Category: American Literature,1999-07-01,en,auto-scored,1,g1823
843,1822,The Amateur,Richard Harding Davis,298,11,PS,"Category: Crime, Thrillers and Mystery; Category: Novels; Category: American Literature",2006-05-12,en,auto-scored,1,g1822
844,6914,The Last of the Huggermuggers,Christopher Pearse Cranch,298,11,PZ; PS,Category: Children & Young Adult Reading; Category: Science-Fiction & Fantasy; Category: Adventure; Category: Novels,2004-11-01,en,auto-scored,1,g6914
845,5866,Yollop,George Barr McCutcheon,293,11,PS,"Category: Crime, Thrillers and Mystery; Category: Humour; Category: Novels; Category: American Literature",2004-06-01,en,auto-scored,1,g5866
846,6573,"The Boy Ranchers on the Trail; Or, The Diamond X After Cattle Rustlers",Willard F. Baker,293,11,PZ,Children's Book Series; Category: Children & Young Adult Reading; Category: Adventure; Category: Novels; Category: American Literature,2004-09-01,en,auto-scored,1,g6573
847,6472,"On the Pampas; Or, The Young Settlers",G. A. Henty,292,11,PZ,Children's Fiction; Category: Historical Novels; Category: Adventure; Category: British Literature,2004-09-01,en,auto-scored,1,g6472
848,5145,The Heart of the Hills,Jr. John Fox,290,15,PS,"Bestsellers, American, 1895-1923; Category: Novels; Category: American Literature",2004-02-01,en,auto-scored,1,g5145
849,6715,Isobel : A Romance of the Northern Trail,James Oliver Curwood,289,11,PS,Category: Romance; Category: Adventure; Category: Novels; Category: American Literature,2004-10-01,en,auto-scored,1,g6715
850,4914,The Motor Girls,Margaret Penrose,285,11,PZ; PS,Children's Book Series; Category: Children & Young Adult Reading; Category: Adventure; Category: Novels; Category: American Literature,2004-01-01,en,auto-scored,1,g4914
851,4988,"The Outdoor Girls at Wild Rose Lodge; Or, The Hermit of Moonlight Falls",Laura Lee Hope,285,11,PZ; PS,Children's Book Series; Category: Children & Young Adult Reading; Category: Adventure; Category: Novels; Category: American Literature,2004-01-01,en,auto-scored,1,g4988
852,20072,With the Colors,Everard Jack Appleton,279,15,PS,"Bestsellers, American, 1895-1923; Category: Poetry; Category: American Literature; Category: History - Modern (1750+); Category: History - Warfare",2006-12-09,en,auto-scored,1,g20072
853,6114,"The Young Firemen of Lakeville; Or, Herbert Dare's Pluck",Frank V. Webster,277,11,PZ; PS,Category: Children & Young Adult Reading; Category: Adventure; Category: Novels; Category: American Literature,2004-07-01,en,auto-scored,1,g6114
854,6071,"The Rover Boys out West; Or, The Search for a Lost Mine",Edward Stratemeyer,275,11,PZ,Children's Book Series; Category: Children & Young Adult Reading; Category: Adventure; Category: Novels; Category: American Literature,2004-07-01,en,auto-scored,1,g6071
855,5248,"The ""Dock Rats"" of New York; Or, The Smuggler Band's Last Stand",Old Sleuth,274,11,PS,"Category: Crime, Thrillers and Mystery; Category: Adventure; Category: Novels; Category: American Literature",2004-03-01,en,auto-scored,1,g5248
856,6337,The Boy Allies under Two Flags,Clair W. Hayes,271,11,PZ,Children's Book Series; Category: Historical Novels; Category: Adventure; Category: Novels; Category: British Literature,2004-08-01,en,auto-scored,1,g6337
857,6950,The Bobbsey Twins at the Seashore,Laura Lee Hope,271,11,PZ,Children's Book Series; Category: Children & Young Adult Reading; Category: Adventure; Category: Novels; Category: American Literature,2004-11-01,en,auto-scored,1,g6950
858,5882,"A District Messenger Boy, and A Necktie Party",James Otis,261,11,PZ,Category: Children & Young Adult Reading; Category: Adventure; Category: Novels; Category: American Literature,2004-06-01,en,auto-scored,1,g5882
859,5404,Grace Harlowe's Overland Riders on the Great American Desert,Josephine Chase,258,11,PZ,Children's Book Series; Category: Children & Young Adult Reading; Category: Adventure; Category: Novels; Category: American Literature,2004-04-01,en,auto-scored,1,g5404
860,6057,Fran,J. Breckenridge Ellis,254,11,PS,"Bestsellers, American, 1895-1923; Category: Novels",2004-07-01,en,auto-scored,1,g6057
861,6572,"Haste and Waste; Or, the Young Pilot of Lake Champlain. A Story for Young People",Oliver Optic,251,11,PZ; PS,Children's Fiction; Category: Children & Young Adult Reading; Category: Adventure; Category: Novels; Category: American Literature,2004-09-01,en,auto-scored,1,g6572
862,6365,"Richard Dare's Venture; Or, Striking Out for Himself",Edward Stratemeyer,248,11,PZ,Category: Children & Young Adult Reading; Category: Adventure; Category: Novels; Category: American Literature,2004-08-01,en,auto-scored,1,g6365
863,5306,Down the Ravine,Charles Egbert Craddock,232,11,PS,Category: Adventure; Category: Novels; Category: American Literature,2004-03-01,en,auto-scored,1,g5306
